name,yahoo_symbol,exchange
20 Microns Limited,20MICRONS.NS,NSE
21st Century Management Services Limited,21STCENMGM.NS,NSE
360 ONE WAM LIMITED,360ONE.NS,NSE
3i Infotech Limited,3IINFOLTD.NS,NSE
3M India Limited,3MINDIA.NS,NSE
3P Land Holdings Limited,3PLAND.NS,NSE
5Paisa Capital Limited,5PAISA.NS,NSE
63 moons technologies limited,63MOONS.NS,NSE
A2Z Infra Engineering Limited,A2ZINFRA.NS,NSE
AAA Technologies Limited,AAATECH.NS,NSE
Aadhar Housing Finance Limited,AADHARHFC.NS,NSE
Aakash Exploration Services Limited,AAKASH.NS,NSE
Aarey Drugs & Pharmaceuticals Limited,AAREYDRUGS.NS,NSE
Aaron Industries Limited,AARON.NS,NSE
Aartech Solonics Limited,AARTECH.NS,NSE
Aarti Drugs Limited,AARTIDRUGS.NS,NSE
Aarti Industries Limited,AARTIIND.NS,NSE
Aarti Pharmalabs Limited,AARTIPHARM.NS,NSE
Aarti Surfactants Limited,AARTISURF.NS,NSE
Aarvi Encon Limited,AARVI.NS,NSE
Aavas Financiers Limited,AAVAS.NS,NSE
Aban Offshore Limited,ABAN.NS,NSE
ABB India Limited,ABB.NS,NSE
Abbott India Limited,ABBOTINDIA.NS,NSE
Aditya Birla Capital Limited,ABCAPITAL.NS,NSE
A B Cotspin India Limited,ABCOTS.NS,NSE
Allied Blenders and Distillers Limited,ABDL.NS,NSE
Aditya Birla Fashion and Retail Limited,ABFRL.NS,NSE
A B Infrabuild Limited,ABINFRA.NS,NSE
Aditya Birla Lifestyle Brands Limited,ABLBL.NS,NSE
ABM International Limited,ABMINTLLTD.NS,NSE
Aditya Birla Real Estate Limited,ABREL.NS,NSE
Aditya Birla Sun Life AMC Limited,ABSLAMC.NS,NSE
ACC Limited,ACC.NS,NSE
Accelya Solutions India Limited,ACCELYA.NS,NSE
Accuracy Shipping Limited,ACCURACY.NS,NSE
Action Construction Equipment Limited,ACE.NS,NSE
Ace Integrated Solutions Limited,ACEINTEG.NS,NSE
Archean Chemical Industries Limited,ACI.NS,NSE
Andhra Cements Limited,ACL.NS,NSE
Acme Solar Holdings Limited,ACMESOLAR.NS,NSE
Acutaas Chemicals Limited,ACUTAAS.NS,NSE
Adani Energy Solutions Limited,ADANIENSOL.NS,NSE
Adani Enterprises Limited,ADANIENT.NS,NSE
Adani Green Energy Limited,ADANIGREEN.NS,NSE
Adani Ports and Special Economic Zone Limited,ADANIPORTS.NS,NSE
Adani Power Limited,ADANIPOWER.NS,NSE
ADF Foods Limited,ADFFOODS.NS,NSE
Archidply Decor Limited,ADL.NS,NSE
Ador Welding Limited,ADOR.NS,NSE
Adroit Infotech Limited,ADROITINFO.NS,NSE
Allied Digital Services Limited,ADSL.NS,NSE
Advance Agrolife Limited,ADVANCE.NS,NSE
Advani Hotels & Resorts (India) Limited,ADVANIHOTR.NS,NSE
Advent Hotels International Limited,ADVENTHTL.NS,NSE
Advanced Enzyme Technologies Limited,ADVENZYMES.NS,NSE
Aegis Logistics Limited,AEGISLOG.NS,NSE
Aegis Vopak Terminals Limited,AEGISVOPAK.NS,NSE
Aequs Limited,AEQUS.NS,NSE
Aeroflex Enterprises Limited,AEROENTER.NS,NSE
Aeroflex Industries Limited,AEROFLEX.NS,NSE
Aeroflex Neu Limited,AERONEU.NS,NSE
Aether Industries Limited,AETHER.NS,NSE
Afcons Infrastructure Limited,AFCONS.NS,NSE
Affle 3i Limited,AFFLE.NS,NSE
Affordable Robotic & Automation Limited,AFFORDABLE.NS,NSE
Akme Fintrade (India) Limited,AFIL.NS,NSE
Abans Financial Services Limited,AFSL.NS,NSE
Agarwal Industrial Corporation Limited,AGARIND.NS,NSE
Dr. Agarwal's Health Care Limited,AGARWALEYE.NS,NSE
AGI Greenpac Limited,AGI.NS,NSE
Agi Infra Limited,AGIIL.NS,NSE
Agri-Tech (India) Limited,AGRITECH.NS,NSE
Agro Phos India Limited,AGROPHOS.NS,NSE
AGS Transact Technologies Limited,AGSTRA.NS,NSE
Anlon Healthcare Limited,AHCL.NS,NSE
Ahlada Engineers Limited,AHLADA.NS,NSE
Asian Hotels (East) Limited,AHLEAST.NS,NSE
Ahluwalia Contracts (India) Limited,AHLUCONT.NS,NSE
AIA Engineering Limited,AIAENG.NS,NSE
Authum Investment & Infrastructure Limited,AIIL.NS,NSE
Airan Limited,AIRAN.NS,NSE
Airo Lam limited,AIROLAM.NS,NSE
Ajanta Pharma Limited,AJANTPHARM.NS,NSE
Ajax Engineering Limited,AJAXENGG.NS,NSE
Ajmera Realty & Infra India Limited,AJMERA.NS,NSE
Ajooni Biotech Limited,AJOONI.NS,NSE
Akash Infra-Projects Limited,AKASH.NS,NSE
Akg Exim Limited,AKG.NS,NSE
AKI India Limited,AKI.NS,NSE
Akshar Spintex Limited,AKSHAR.NS,NSE
AksharChem India Limited,AKSHARCHEM.NS,NSE
Aksh Optifibre Limited,AKSHOPTFBR.NS,NSE
Akums Drugs and Pharmaceuticals Limited,AKUMS.NS,NSE
Akzo Nobel India Limited,AKZOINDIA.NS,NSE
Alankit Limited,ALANKIT.NS,NSE
Albert David Limited,ALBERTDAVD.NS,NSE
Alembic Limited,ALEMBICLTD.NS,NSE
Alicon Castalloy Limited,ALICON.NS,NSE
Alivus Life Sciences Limited,ALIVUS.NS,NSE
Alkali Metals Limited,ALKALI.NS,NSE
Alkem Laboratories Limited,ALKEM.NS,NSE
Alkyl Amines Chemicals Limited,ALKYLAMINE.NS,NSE
Allcargo Logistics Limited,ALLCARGO.NS,NSE
Alldigi Tech Limited,ALLDIGI.NS,NSE
All Time Plastics Limited,ALLTIME.NS,NSE
Almondz Global Securities Limited,ALMONDZ.NS,NSE
Alok Industries Limited,ALOKINDS.NS,NSE
Alpa Laboratories Limited,ALPA.NS,NSE
Alphageo (India) Limited,ALPHAGEO.NS,NSE
Alps Industries Limited,ALPSINDUS.NS,NSE
Amanta Healthcare Limited,AMANTA.NS,NSE
Amber Enterprises India Limited,AMBER.NS,NSE
Ambica Agarbathies & Aroma industries Limited,AMBICAAGAR.NS,NSE
Ambika Cotton Mills Limited,AMBIKCO.NS,NSE
Ambuja Cements Limited,AMBUJACEM.NS,NSE
AMD Industries Limited,AMDIND.NS,NSE
Amj Land Holdings Limited,AMJLAND.NS,NSE
Amines & Plasticizers Limited,AMNPLST.NS,NSE
Amrutanjan Health Care Limited,AMRUTANJAN.NS,NSE
Anand Rathi Wealth Limited,ANANDRATHI.NS,NSE
Anant Raj Limited,ANANTRAJ.NS,NSE
ANDHRA PAPER LIMITED,ANDHRAPAP.NS,NSE
The Andhra Sugars Limited,ANDHRSUGAR.NS,NSE
Angel One Limited,ANGELONE.NS,NSE
Anik Industries Limited,ANIKINDS.NS,NSE
Ankit Metal & Power Limited,ANKITMETAL.NS,NSE
Anmol India Limited,ANMOL.NS,NSE
Ansal Properties & Infrastructure Limited,ANSALAPI.NS,NSE
Antelopus Selan Energy Limited,ANTELOPUS.NS,NSE
Antarctica Limited,ANTGRAPHIC.NS,NSE
Anthem Biosciences Limited,ANTHEM.NS,NSE
Anuh Pharma Limited,ANUHPHR.NS,NSE
The Anup Engineering Limited,ANUP.NS,NSE
Anupam Rasayan India Limited,ANURAS.NS,NSE
Apar Industries Limited,APARINDS.NS,NSE
Anjani Portland Cement Limited,APCL.NS,NSE
Apcotex Industries Limited,APCOTEXIND.NS,NSE
Apex Frozen Foods Limited,APEX.NS,NSE
APL Apollo Tubes Limited,APLAPOLLO.NS,NSE
Alembic Pharmaceuticals Limited,APLLTD.NS,NSE
Apollo Micro Systems Limited,APOLLO.NS,NSE
Apollo Hospitals Enterprise Limited,APOLLOHOSP.NS,NSE
Apollo Pipes Limited,APOLLOPIPE.NS,NSE
Apollo Tyres Limited,APOLLOTYRE.NS,NSE
Apollo Sindoori Hotels Limited,APOLSINHOT.NS,NSE
Aptech Limited,APTECHT.NS,NSE
Aptus Value Housing Finance India Limited,APTUS.NS,NSE
Archidply Industries Limited,ARCHIDPLY.NS,NSE
Archies Limited,ARCHIES.NS,NSE
Amara Raja Energy & Mobility Limited,ARE&M.NS,NSE
Rajdarshan Industries Limited,ARENTERP.NS,NSE
Arfin India Limited,ARFIN.NS,NSE
Aries Agro Limited,ARIES.NS,NSE
Arihant Capital Markets Limited,ARIHANTCAP.NS,NSE
Arihant Superstructures Limited,ARIHANTSUP.NS,NSE
Arisinfra Solutions Limited,ARISINFRA.NS,NSE
Arkade Developers Limited,ARKADE.NS,NSE
Arman Financial Services Limited,ARMANFIN.NS,NSE
Aro Granite Industries Limited,AROGRANITE.NS,NSE
Arrow Greentech Limited,ARROWGREEN.NS,NSE
Arshiya Limited,ARSHIYA.NS,NSE
Anand Rathi Share and Stock Brokers Limited,ARSSBL.NS,NSE
Artemis Medicare Services Limited,ARTEMISMED.NS,NSE
Art Nirman Limited,ARTNIRMAN.NS,NSE
Arvee Laboratories (India) Limited,ARVEE.NS,NSE
Arvind Limited,ARVIND.NS,NSE
Arvind Fashions Limited,ARVINDFASN.NS,NSE
Arvind SmartSpaces Limited,ARVSMART.NS,NSE
Asahi India Glass Limited,ASAHIINDIA.NS,NSE
Asahi Songwon Colors Limited,ASAHISONG.NS,NSE
Automotive Stampings and Assemblies Limited,ASAL.NS,NSE
Associated Alcohols & Breweries Ltd.,ASALCBR.NS,NSE
Ashapura Minechem Limited,ASHAPURMIN.NS,NSE
Ashiana Housing Limited,ASHIANA.NS,NSE
Ashima Limited,ASHIMASYN.NS,NSE
Ashoka Buildcon Limited,ASHOKA.NS,NSE
Ashoka Metcast Limited,ASHOKAMET.NS,NSE
Ashok Leyland Limited,ASHOKLEY.NS,NSE
Asian Energy Services Limited,ASIANENE.NS,NSE
Asian Hotels (North) Limited,ASIANHOTNR.NS,NSE
Asian Paints Limited,ASIANPAINT.NS,NSE
Asian Granito India Limited,ASIANTILES.NS,NSE
ASK Automotive Limited,ASKAUTOLTD.NS,NSE
Bartronics India Limited,ASMS.NS,NSE
Aspinwall and Company Limited,ASPINWALL.NS,NSE
Astec LifeSciences Limited,ASTEC.NS,NSE
Aster DM Healthcare Limited,ASTERDM.NS,NSE
Astral Limited,ASTRAL.NS,NSE
Astra Microwave Products Limited,ASTRAMICRO.NS,NSE
AstraZeneca Pharma India Limited,ASTRAZEN.NS,NSE
Astron Paper & Board Mill Limited,ASTRON.NS,NSE
Atal Realtech Limited,ATALREAL.NS,NSE
Atam Valves Limited,ATAM.NS,NSE
Adani Total Gas Limited,ATGL.NS,NSE
Ather Energy Limited,ATHERENERG.NS,NSE
Allcargo Terminals Limited,ATL.NS,NSE
ATLANTAA LIMITED,ATLANTAA.NS,NSE
Atlanta Electricals Limited,ATLANTAELE.NS,NSE
Atlas Cycles (Haryana) Limited,ATLASCYCLE.NS,NSE
Atul Limited,ATUL.NS,NSE
Atul Auto Limited,ATULAUTO.NS,NSE
AU Small Finance Bank Limited,AUBANK.NS,NSE
Auri Grow India Limited,AURIGROW.NS,NSE
Aurionpro Solutions Limited,AURIONPRO.NS,NSE
Aurobindo Pharma Limited,AUROPHARMA.NS,NSE
Aurum PropTech Limited,AURUM.NS,NSE
Ausom Enterprise Limited,AUSOMENT.NS,NSE
Automotive Axles Limited,AUTOAXLES.NS,NSE
Autoline Industries Limited,AUTOIND.NS,NSE
Avadh Sugar & Energy Limited,AVADHSUGAR.NS,NSE
Avalon Technologies Limited,AVALON.NS,NSE
Avantel Limited,AVANTEL.NS,NSE
Avanti Feeds Limited,AVANTIFEED.NS,NSE
AVG Logistics Limited,AVG.NS,NSE
Aditya Vision Limited,AVL.NS,NSE
Avonmore Capital & Management Services Limited,AVONMORE.NS,NSE
AVRO INDIA LIMITED,AVROIND.NS,NSE
AVT Natural Products Limited,AVTNPL.NS,NSE
Awfis Space Solutions Limited,AWFIS.NS,NSE
Antony Waste Handling Cell Limited,AWHCL.NS,NSE
AWL Agri Business Limited,AWL.NS,NSE
Axis Bank Limited,AXISBANK.NS,NSE
AXISCADES Technologies Limited,AXISCADES.NS,NSE
Axita Cotton Limited,AXITA.NS,NSE
AYM Syntex Limited,AYMSYNTEX.NS,NSE
Azad Engineering Limited,AZAD.NS,NSE
Bafna Pharmaceuticals Limited,BAFNAPH.NS,NSE
B.A.G Films and Media Limited,BAGFILMS.NS,NSE
Baid Finserv Limited,BAIDFIN.NS,NSE
Bajaj Auto Limited,BAJAJ-AUTO.NS,NSE
Bajaj Consumer Care Limited,BAJAJCON.NS,NSE
Bajaj Electricals Limited,BAJAJELEC.NS,NSE
Bajaj Finserv Limited,BAJAJFINSV.NS,NSE
Bajaj Healthcare Limited,BAJAJHCARE.NS,NSE
Bajaj Housing Finance Limited,BAJAJHFL.NS,NSE
Bajaj Hindusthan Sugar Limited,BAJAJHIND.NS,NSE
Bajaj Holdings & Investment Limited,BAJAJHLDNG.NS,NSE
Indef Manufacturing Limited,BAJAJINDEF.NS,NSE
Bajel Projects Limited,BAJEL.NS,NSE
Bajaj Finance Limited,BAJFINANCE.NS,NSE
Shree Tirupati Balajee Agro Trading Company Limited,BALAJEE.NS,NSE
Balaji Telefilms Limited,BALAJITELE.NS,NSE
Balaji Amines Limited,BALAMINES.NS,NSE
BALAXI PHARMACEUTICALS LIMITED,BALAXI.NS,NSE
Balkrishna Paper Mills Limited,BALKRISHNA.NS,NSE
Balkrishna Industries Limited,BALKRISIND.NS,NSE
Balmer Lawrie & Company Limited,BALMLAWRIE.NS,NSE
Bal Pharma Limited,BALPHARMA.NS,NSE
Balrampur Chini Mills Limited,BALRAMCHIN.NS,NSE
Balu Forge Industries Limited,BALUFORGE.NS,NSE
Banaras Beads Limited,BANARBEADS.NS,NSE
Bannari Amman Sugars Limited,BANARISUG.NS,NSE
Banco Products (I) Limited,BANCOINDIA.NS,NSE
Bandhan Bank Limited,BANDHANBNK.NS,NSE
Bang Overseas Limited,BANG.NS,NSE
Banka BioLoo Limited,BANKA.NS,NSE
Bank of Baroda,BANKBARODA.NS,NSE
Bank of India,BANKINDIA.NS,NSE
Bansal Wire Industries Limited,BANSALWIRE.NS,NSE
Banswara Syntex Limited,BANSWRAS.NS,NSE
BASF India Limited,BASF.NS,NSE
Bannari Amman Spinning Mills Limited,BASML.NS,NSE
Bata India Limited,BATAINDIA.NS,NSE
Bayer Cropscience Limited,BAYERCROP.NS,NSE
Bharat Bijlee Limited,BBL.NS,NSE
Black Box Limited,BBOX.NS,NSE
Bombay Burmah Trading Corporation Limited,BBTC.NS,NSE
B&B Triplewall Containers Limited,BBTCL.NS,NSE
Brightcom Group Limited,BCG.NS,NSE
Bcl Industries Limited,BCLIND.NS,NSE
Brand Concepts Limited,BCONCEPTS.NS,NSE
Bharat Dynamics Limited,BDL.NS,NSE
Beardsell Limited,BEARDSELL.NS,NSE
Mrs. Bectors Food Specialities Limited,BECTORFOOD.NS,NSE
Bedmutha Industries Limited,BEDMUTHA.NS,NSE
Bharat Electronics Limited,BEL.NS,NSE
Bella Casa Fashion & Retail Limited,BELLACASA.NS,NSE
Belrise Industries Limited,BELRISE.NS,NSE
BEML Limited,BEML.NS,NSE
Bhansali Engineering Polymers Limited,BEPL.NS,NSE
Berger Paints (I) Limited,BERGEPAINT.NS,NSE
Best Agrolife Limited,BESTAGRO.NS,NSE
Beta Drugs Limited,BETA.NS,NSE
BF Investment Limited,BFINVEST.NS,NSE
BF Utilities Limited,BFUTILITIE.NS,NSE
BGR Energy Systems Limited,BGRENERGY.NS,NSE
Bhagiradha Chemicals & Industries Limited,BHAGCHEM.NS,NSE
Bhageria Industries Limited,BHAGERIA.NS,NSE
Bhagyanagar India Limited,BHAGYANGR.NS,NSE
Bhandari Hosiery Exports Limited,BHANDARI.NS,NSE
Bharat Forge Limited,BHARATFORG.NS,NSE
Bharat Gears Limited,BHARATGEAR.NS,NSE
Bharat Rasayan Limited,BHARATRAS.NS,NSE
Bharat Seats Limited,BHARATSE.NS,NSE
Bharat Wire Ropes Limited,BHARATWIRE.NS,NSE
Bharti Airtel Limited,BHARTIARTL.NS,NSE
Bharti Hexacom Limited,BHARTIHEXA.NS,NSE
Bharat Heavy Electricals Limited,BHEL.NS,NSE
Bigbloc Construction Limited,BIGBLOC.NS,NSE
Bikaji Foods International Limited,BIKAJI.NS,NSE
Bhartiya International Limited,BIL.NS,NSE
BIL VYAPAR LIMITED,BILVYAPAR.NS,NSE
Biocon Limited,BIOCON.NS,NSE
Biofil Chemicals & Pharmaceuticals Limited,BIOFILCHEM.NS,NSE
Birla Cable Limited,BIRLACABLE.NS,NSE
Birla Corporation Limited,BIRLACORPN.NS,NSE
Aditya Birla Money Limited,BIRLAMONEY.NS,NSE
BirlaNu Limited,BIRLANU.NS,NSE
BLACKBUCK LIMITED,BLACKBUCK.NS,NSE
BEML Land Assets Limited,BLAL.NS,NSE
BLB Limited,BLBLIMITED.NS,NSE
Bliss GVS Pharma Limited,BLISSGVS.NS,NSE
B. L. Kashyap and Sons Limited,BLKASHYAP.NS,NSE
BLS International Services Limited,BLS.NS,NSE
BLS E-Services Limited,BLSE.NS,NSE
Blue Coast Hotels Limited,BLUECOAST.NS,NSE
Blue Dart Express Limited,BLUEDART.NS,NSE
Blue Jet Healthcare Limited,BLUEJET.NS,NSE
Blue Star Limited,BLUESTARCO.NS,NSE
BlueStone Jewellery and Lifestyle Limited,BLUESTONE.NS,NSE
Bluspring Enterprises Limited,BLUSPRING.NS,NSE
BMW Ventures Limited,BMWVENTLTD.NS,NSE
Bodal Chemicals Limited,BODALCHEM.NS,NSE
Bohra Industries Limited,BOHRAIND.NS,NSE
Bombay Dyeing & Mfg Company Limited,BOMDYEING.NS,NSE
Borana Weaves Limited,BORANA.NS,NSE
Borosil Limited,BOROLTD.NS,NSE
BOROSIL RENEWABLES LIMITED,BORORENEW.NS,NSE
Borosil Scientific Limited,BOROSCI.NS,NSE
Bosch Limited,BOSCHLTD.NS,NSE
Bharat Petroleum Corporation Limited,BPCL.NS,NSE
BPL Limited,BPL.NS,NSE
Brigade Enterprises Limited,BRIGADE.NS,NSE
Brigade Hotel Ventures Limited,BRIGHOTEL.NS,NSE
Britannia Industries Limited,BRITANNIA.NS,NSE
Bharat Road Network Limited,BRNL.NS,NSE
Brooks Laboratories Limited,BROOKS.NS,NSE
BSE Limited,BSE.NS,NSE
Bombay Super Hybrid Seeds Limited,BSHSL.NS,NSE
BSL Limited,BSL.NS,NSE
BIRLASOFT LIMITED,BSOFT.NS,NSE
Bodhi Tree Multimedia Limited,BTML.NS,NSE
Butterfly Gandhimathi Appliances Limited,BUTTERFLY.NS,NSE
Barak Valley Cements Limited,BVCL.NS,NSE
The Byke Hospitality Ltd,BYKE.NS,NSE
California Software Company Limited,CALSOFT.NS,NSE
Camlin Fine Sciences Limited,CAMLINFINE.NS,NSE
Campus Activewear Limited,CAMPUS.NS,NSE
Computer Age Management Services Limited,CAMS.NS,NSE
Canara Bank,CANBK.NS,NSE
Can Fin Homes Limited,CANFINHOME.NS,NSE
Canara HSBC Life Insurance Company Limited,CANHLIFE.NS,NSE
Cantabil Retail India Limited,CANTABIL.NS,NSE
Capacit'e Infraprojects Limited,CAPACITE.NS,NSE
Capillary Technologies India Limited,CAPILLARY.NS,NSE
Capital Small Finance Bank Limited,CAPITALSFB.NS,NSE
Caplin Point Laboratories Limited,CAPLIPOINT.NS,NSE
Capital Trust Limited,CAPTRUST.NS,NSE
Carborundum Universal Limited,CARBORUNIV.NS,NSE
CARE Ratings Limited,CARERATING.NS,NSE
Carraro India Limited,CARRARO.NS,NSE
Cartrade Tech Limited,CARTRADE.NS,NSE
CARYSIL LIMITED,CARYSIL.NS,NSE
Castrol India Limited,CASTROLIND.NS,NSE
Consolidated Construction Consortium Limited,CCCL.NS,NSE
Country Club Hospitality & Holidays Limited,CCHHL.NS,NSE
CCL Products (India) Limited,CCL.NS,NSE
Central Depository Services (India) Limited,CDSL.NS,NSE
CEAT Limited,CEATLTD.NS,NSE
Ceigall India Limited,CEIGALL.NS,NSE
Celebrity Fashions Limited,CELEBRITY.NS,NSE
Cello World Limited,CELLO.NS,NSE
Cemindia Projects Limited,CEMPRO.NS,NSE
Century Enka Limited,CENTENKA.NS,NSE
Century Extrusions Limited,CENTEXT.NS,NSE
Central Bank of India,CENTRALBK.NS,NSE
Centrum Capital Limited,CENTRUM.NS,NSE
Centum Electronics Limited,CENTUM.NS,NSE
Century Plyboards (India) Limited,CENTURYPLY.NS,NSE
Cera Sanitaryware Limited,CERA.NS,NSE
Cerebra Integrated Technologies Limited,CEREBRAINT.NS,NSE
CESC Limited,CESC.NS,NSE
Concord Enviro Systems Limited,CEWATER.NS,NSE
Capri Global Capital Limited,CGCL.NS,NSE
CG Power and Industrial Solutions Limited,CGPOWER.NS,NSE
Chalet Hotels Limited,CHALET.NS,NSE
Chambal Fertilizers & Chemicals Limited,CHAMBLFERT.NS,NSE
Chembond Material Technologies Limited,CHEMBOND.NS,NSE
Chembond Chemicals Limited,CHEMBONDCH.NS,NSE
Chemcon Speciality Chemicals Limited,CHEMCON.NS,NSE
Chemfab Alkalis Limited,CHEMFAB.NS,NSE
Chemplast Sanmar Limited,CHEMPLASTS.NS,NSE
Chennai Petroleum Corporation Limited,CHENNPETRO.NS,NSE
Cheviot Company Limited,CHEVIOT.NS,NSE
Choice International Limited,CHOICEIN.NS,NSE
Cholamandalam Investment and Finance Company Limited,CHOLAFIN.NS,NSE
Cholamandalam Financial Holdings Limited,CHOLAHLDNG.NS,NSE
CIE Automotive India Limited,CIEINDIA.NS,NSE
Capital India Finance Limited,CIFL.NS,NSE
Cigniti Technologies Limited,CIGNITITEC.NS,NSE
Cineline India Limited,CINELINE.NS,NSE
Cinevista Limited,CINEVISTA.NS,NSE
Cipla Limited,CIPLA.NS,NSE
Clean Science and Technology Limited,CLEAN.NS,NSE
CL Educate Limited,CLEDUCATE.NS,NSE
Chaman Lal Setia Exports Limited,CLSEL.NS,NSE
CMS Info Systems Limited,CMSINFO.NS,NSE
Creative Newtech Limited,CNL.NS,NSE
Coal India Limited,COALINDIA.NS,NSE
Coastal Corporation Limited,COASTCORP.NS,NSE
Cochin Shipyard Limited,COCHINSHIP.NS,NSE
Coffee Day Enterprises Limited,COFFEEDAY.NS,NSE
Coforge Limited,COFORGE.NS,NSE
Cohance Lifesciences Limited,COHANCE.NS,NSE
Colgate Palmolive (India) Limited,COLPAL.NS,NSE
Compuage Infocom Limited,COMPINFO.NS,NSE
Compucom Software Limited,COMPUSOFT.NS,NSE
Commercial Syn Bags Limited,COMSYN.NS,NSE
Container Corporation of India Limited,CONCOR.NS,NSE
Concord Biotech Limited,CONCORDBIO.NS,NSE
Confidence Petroleum India Limited,CONFIPET.NS,NSE
Consolidated Finvest & Holdings Limited,CONSOFINVT.NS,NSE
Control Print Limited,CONTROLPR.NS,NSE
Coral India Finance & Housing Limited,CORALFINAC.NS,NSE
Cords Cable Industries Limited,CORDSCABLE.NS,NSE
Coromandel International Limited,COROMANDEL.NS,NSE
CORONA Remedies Limited,CORONA.NS,NSE
COSMO FIRST LIMITED,COSMOFIRST.NS,NSE
Country Condo's Limited,COUNCODOS.NS,NSE
CP Capital Limited,CPCAP.NS,NSE
Career Point Edutech Limited,CPEDU.NS,NSE
Aditya Infotech Limited,CPPLUS.NS,NSE
Craftsman Automation Limited,CRAFTSMAN.NS,NSE
Canara Robeco Asset Management Company Limited,CRAMC.NS,NSE
Creative Eye Limited,CREATIVEYE.NS,NSE
CREDITACCESS GRAMEEN LIMITED,CREDITACC.NS,NSE
Crest Ventures Limited,CREST.NS,NSE
CRISIL Limited,CRISIL.NS,NSE
Crizac Limited,CRIZAC.NS,NSE
Crompton Greaves Consumer Electricals Limited,CROMPTON.NS,NSE
Crown Lifters Limited,CROWN.NS,NSE
CSB Bank Limited,CSBBANK.NS,NSE
CSL Finance Limited,CSLFINANCE.NS,NSE
Cambridge Technology Enterprises Limited,CTE.NS,NSE
City Union Bank Limited,CUB.NS,NSE
Cubex Tubings Limited,CUBEXTUB.NS,NSE
Cummins India Limited,CUMMINSIND.NS,NSE
Cupid Limited,CUPID.NS,NSE
Cura Technologies Limited,CURAA.NS,NSE
Cyber Media (India) Limited,CYBERMEDIA.NS,NSE
Cybertech Systems And Software Limited,CYBERTECH.NS,NSE
Cyient Limited,CYIENT.NS,NSE
Cyient DLM Limited,CYIENTDLM.NS,NSE
Dabur India Limited,DABUR.NS,NSE
Dalmia Bharat Limited,DALBHARAT.NS,NSE
Dalmia Bharat Sugar and Industries Limited,DALMIASUG.NS,NSE
Dam Capital Advisors Limited,DAMCAPITAL.NS,NSE
Damodar Industries Limited,DAMODARIND.NS,NSE
Dangee Dums Limited,DANGEE.NS,NSE
Datamatics Global Services Limited,DATAMATICS.NS,NSE
Data Patterns (India) Limited,DATAPATTNS.NS,NSE
Davangere Sugar Company Limited,DAVANGERE.NS,NSE
D.B.Corp Limited,DBCORP.NS,NSE
Deepak Builders & Engineers India Limited,DBEIL.NS,NSE
Dilip Buildcon Limited,DBL.NS,NSE
Dhampur Bio Organics Limited,DBOL.NS,NSE
Valor Estate Limited,DBREALTY.NS,NSE
DB (International) Stock Brokers Limited,DBSTOCKBRO.NS,NSE
Dishman Carbogen Amcis Limited,DCAL.NS,NSE
DCB Bank Limited,DCBBANK.NS,NSE
Dc Infotech And Communication Limited,DCI.NS,NSE
DCM  Limited,DCM.NS,NSE
DCM Financial Services Limited,DCMFINSERV.NS,NSE
DCM Nouvelle Limited,DCMNVL.NS,NSE
DCM Shriram Limited,DCMSHRIRAM.NS,NSE
DCM Shriram Industries Limited,DCMSRIND.NS,NSE
DCW Limited,DCW.NS,NSE
DCX Systems Limited,DCXINDIA.NS,NSE
Ddev Plastiks Industries Limited,DDEVPLSTIK.NS,NSE
Deccan Cements Limited,DECCANCE.NS,NSE
DEE Development Engineers Limited,DEEDEV.NS,NSE
Deepak Fertilizers and Petrochemicals Corporation Limited,DEEPAKFERT.NS,NSE
Deepak Nitrite Limited,DEEPAKNTR.NS,NSE
Deep Industries Limited,DEEPINDS.NS,NSE
Delhivery Limited,DELHIVERY.NS,NSE
DELPHI WORLD MONEY LIMITED,DELPHIFX.NS,NSE
Delta Corp Limited,DELTACORP.NS,NSE
Delta Manufacturing Limited,DELTAMAGNT.NS,NSE
Den Networks Limited,DEN.NS,NSE
De Nora India Limited,DENORA.NS,NSE
Denta Water and Infra Solutions Limited,DENTA.NS,NSE
Dev Information Technology Limited,DEVIT.NS,NSE
Dev Accelerator Limited,DEVX.NS,NSE
Devyani International Limited,DEVYANI.NS,NSE
Digicontent Limited,DGCONTENT.NS,NSE
Dhampur Sugar Mills Limited,DHAMPURSUG.NS,NSE
Dhanlaxmi Bank Limited,DHANBANK.NS,NSE
Dhanuka Agritech Limited,DHANUKA.NS,NSE
DHARAN INFRA-EPC LIMITED,DHARAN.NS,NSE
Dharmaj Crop Guard Limited,DHARMAJ.NS,NSE
Dhruv Consultancy Services Limited,DHRUV.NS,NSE
Dhunseri Investments Limited,DHUNINV.NS,NSE
Diamond Power Infrastructure Limited,DIACABS.NS,NSE
Diamines & Chemicals Limited,DIAMINESQ.NS,NSE
Prataap Snacks Limited,DIAMONDYD.NS,NSE
DIC India Limited,DICIND.NS,NSE
Diffusion Engineers Limited,DIFFNKG.NS,NSE
Digidrive Distributors Limited,DIGIDRIVE.NS,NSE
DiGiSPICE Technologies Limited,DIGISPICE.NS,NSE
Digitide Solutions Limited,DIGITIDE.NS,NSE
Digjam Limited,DIGJAMLMTD.NS,NSE
Debock Industries Limited,DIL.NS,NSE
Dish TV India Limited,DISHTV.NS,NSE
Divgi Torqtransfer Systems Limited,DIVGIITTS.NS,NSE
Divi's Laboratories Limited,DIVISLAB.NS,NSE
Dixon Technologies (India) Limited,DIXON.NS,NSE
DJ Mediaprint & Logistics Limited,DJML.NS,NSE
DLF Limited,DLF.NS,NSE
D-Link (India) Limited,DLINKINDIA.NS,NSE
Avenue Supermarts Limited,DMART.NS,NSE
DMCC SPECIALITY CHEMICALS LIMITED,DMCC.NS,NSE
Diligent Media Corporation Limited,DNAMEDIA.NS,NSE
Dodla Dairy Limited,DODLA.NS,NSE
Dolat Algotech Limited,DOLATALGO.NS,NSE
Dollar Industries Limited,DOLLAR.NS,NSE
Dolphin Offshore Enterprises (India) Limited,DOLPHIN.NS,NSE
DOMS Industries Limited,DOMS.NS,NSE
Donear Industries Limited,DONEAR.NS,NSE
D. P. Abhushan Limited,DPABHUSHAN.NS,NSE
DPSC Limited,DPSCLTD.NS,NSE
D P Wires Limited,DPWIRES.NS,NSE
DRC Systems India Limited,DRCSYSTEMS.NS,NSE
Dreamfolks Services Limited,DREAMFOLKS.NS,NSE
Dredging Corporation of India Limited,DREDGECORP.NS,NSE
Dr. Reddy's Laboratories Limited,DRREDDY.NS,NSE
Dynacons Systems & Solutions Limited,DSSL.NS,NSE
Dhunseri Tea & Industries Limited,DTIL.NS,NSE
Ducon Infratechnologies Limited,DUCON.NS,NSE
Dhunseri Ventures Limited,DVL.NS,NSE
Dwarikesh Sugar Industries Limited,DWARKESH.NS,NSE
Dynamic Cables Limited,DYCL.NS,NSE
Dynamatic Technologies Limited,DYNAMATECH.NS,NSE
Dynemic Products Limited,DYNPRO.NS,NSE
E2E Networks Limited,E2E.NS,NSE
Easy Trip Planners Limited,EASEMYTRIP.NS,NSE
GNG Electronics Limited,EBGNG.NS,NSE
eClerx Services Limited,ECLERX.NS,NSE
Ecos (India) Mobility & Hospitality Limited,ECOSMOBLTY.NS,NSE
Edelweiss Financial Services Limited,EDELWEISS.NS,NSE
EFC (I) Limited,EFCIL.NS,NSE
Eicher Motors Limited,EICHERMOT.NS,NSE
EID Parry India Limited,EIDPARRY.NS,NSE
Enviro Infra Engineers Limited,EIEL.NS,NSE
Euro India Fresh Foods Limited,EIFFL.NS,NSE
EIH Associated Hotels Limited,EIHAHOTELS.NS,NSE
EIH Limited,EIHOTEL.NS,NSE
Eimco Elecon (India) Limited,EIMCOELECO.NS,NSE
Everest Kanto Cylinder Limited,EKC.NS,NSE
Eldeco Housing And Industries Limited,ELDEHSG.NS,NSE
Elecon Engineering Company Limited,ELECON.NS,NSE
Electrosteel Castings Limited,ELECTCAST.NS,NSE
Electrotherm (India) Limited,ELECTHERM.NS,NSE
Elgi Equipments Limited,ELGIEQUIP.NS,NSE
Elgi Rubber Company Limited,ELGIRUBCO.NS,NSE
Elin Electronics Limited,ELIN.NS,NSE
Ellenbarrie Industrial Gases Limited,ELLEN.NS,NSE
Emami Limited,EMAMILTD.NS,NSE
Emami Paper Mills Limited,EMAMIPAP.NS,NSE
Emami Realty Limited,EMAMIREAL.NS,NSE
Embassy Developments Limited,EMBDL.NS,NSE
Emcure Pharmaceuticals Limited,EMCURE.NS,NSE
Electronics Mart India Limited,EMIL.NS,NSE
Emkay Global Financial Services Limited,EMKAY.NS,NSE
Emmbi Industries Limited,EMMBI.NS,NSE
Emmvee Photovoltaic Power Limited,EMMVEE.NS,NSE
EMS Limited,EMSLIMITED.NS,NSE
eMudhra Limited,EMUDHRA.NS,NSE
Endurance Technologies Limited,ENDURANCE.NS,NSE
Energy Development Company Limited,ENERGYDEV.NS,NSE
Engineers India Limited,ENGINERSIN.NS,NSE
Entertainment Network (India) Limited,ENIL.NS,NSE
Siemens Energy India Limited,ENRIN.NS,NSE
Entero Healthcare Solutions Limited,ENTERO.NS,NSE
EPACK Durable Limited,EPACK.NS,NSE
EPack Prefab Technologies Limited,EPACKPEB.NS,NSE
Epigral Limited,EPIGRAL.NS,NSE
EPL Limited,EPL.NS,NSE
Equippp Social Impact Technologies Limited,EQUIPPP.NS,NSE
Equitas Small Finance Bank Limited,EQUITASBNK.NS,NSE
Eris Lifesciences Limited,ERIS.NS,NSE
Esab India Limited,ESABINDIA.NS,NSE
ESAF Small Finance Bank Limited,ESAFSFB.NS,NSE
Escorts Kubota Limited,ESCORTS.NS,NSE
Essar Shipping Limited,ESSARSHPNG.NS,NSE
Integra Essentia Limited,ESSENTIA.NS,NSE
Ester Industries Limited,ESTER.NS,NSE
ETERNAL LIMITED,ETERNAL.NS,NSE
Ethos Limited,ETHOSLTD.NS,NSE
Eureka Forbes Limited,EUREKAFORB.NS,NSE
Euro Panel Products Limited,EUROBOND.NS,NSE
Euro Pratik Sales Limited,EUROPRATIK.NS,NSE
Eurotex Industries and Exports Limited,EUROTEXIND.NS,NSE
Eveready Industries India Limited,EVEREADY.NS,NSE
Everest Industries Limited,EVERESTIND.NS,NSE
Excel Realty N Infra Limited,EXCEL.NS,NSE
Excel Industries Limited,EXCELINDUS.NS,NSE
Excelsoft Technologies Limited,EXCELSOFT.NS,NSE
Exicom Tele-Systems Limited,EXICOM.NS,NSE
Exide Industries Limited,EXIDEIND.NS,NSE
Expleo Solutions Limited,EXPLEOSOL.NS,NSE
Exxaro Tiles Limited,EXXARO.NS,NSE
Fabtech Technologies Limited,FABTECH.NS,NSE
Fertilizers and Chemicals Travancore Limited,FACT.NS,NSE
Fairchem Organics Limited,FAIRCHEMOR.NS,NSE
Faze Three Limited,FAZE3Q.NS,NSE
Fineotex Chemical Limited,FCL.NS,NSE
FCS Software Solutions Limited,FCSSOFT.NS,NSE
FDC Limited,FDC.NS,NSE
The Federal Bank  Limited,FEDERALBNK.NS,NSE
Fedbank Financial Services Limited,FEDFINA.NS,NSE
Future Enterprises Limited,FEL.NS,NSE
Future Enterprises Limited,FELDVR.NS,NSE
Fiberweb (India) Limited,FIBERWEB.NS,NSE
Fiem Industries Limited,FIEMIND.NS,NSE
Filatex India Limited,FILATEX.NS,NSE
Filatex Fashions Limited,FILATFASH.NS,NSE
Finolex Cables Limited,FINCABLES.NS,NSE
Fine Organic Industries Limited,FINEORG.NS,NSE
Finkurve Financial Services Limited,FINKURVE.NS,NSE
Fino Payments Bank Limited,FINOPB.NS,NSE
Finolex Industries Limited,FINPIPE.NS,NSE
Brainbees Solutions Limited,FIRSTCRY.NS,NSE
Fischer Medical Ventures Limited,FISCHER.NS,NSE
Five-Star Business Finance Limited,FIVESTAR.NS,NSE
Flair Writing Industries Limited,FLAIR.NS,NSE
Flexituff Ventures International Limited,FLEXITUFF.NS,NSE
Future Lifestyle Fashions Limited,FLFL.NS,NSE
Gujarat Fluorochemicals Limited,FLUOROCHEM.NS,NSE
Federal-Mogul Goetze (India) Limited.,FMGOETZE.NS,NSE
Future Market Networks Limited,FMNL.NS,NSE
Focus Lighting and Fixtures Limited,FOCUS.NS,NSE
Foods & Inns Limited,FOODSIN.NS,NSE
FORCE MOTORS LTD,FORCEMOT.NS,NSE
Fortis Healthcare Limited,FORTIS.NS,NSE
Foseco India Limited,FOSECOIND.NS,NSE
Firstsource Solutions Limited,FSL.NS,NSE
Fusion Finance Limited,FUSION.NS,NSE
Gabriel India Limited,GABRIEL.NS,NSE
Gujarat Ambuja Exports Limited,GAEL.NS,NSE
GAIL (India) Limited,GAIL.NS,NSE
Gala Precision Engineering Limited,GALAPREC.NS,NSE
Galaxy Surfactants Limited,GALAXYSURF.NS,NSE
Gallantt Ispat Limited,GALLANTT.NS,NSE
Gandhar Oil Refinery (India) Limited,GANDHAR.NS,NSE
Gandhi Special Tubes Limited,GANDHITUBE.NS,NSE
Ganesha Ecosphere Limited,GANECOS.NS,NSE
Ganesh Benzoplast Limited,GANESHBE.NS,NSE
Ganesh Consumer Products Limited,GANESHCP.NS,NSE
GANESH HOUSING LIMITED,GANESHHOU.NS,NSE
Ganga Forging Limited,GANGAFORGE.NS,NSE
Ganges Securities Limited,GANGESSECU.NS,NSE
Garware Technical Fibres Limited,GARFIBRES.NS,NSE
Garuda Construction and Engineering Limited,GARUDA.NS,NSE
GACM Technologies Limited,GATECH.NS,NSE
GACM Technologies Limited,GATECHDVR.NS,NSE
Gateway Distriparks Limited,GATEWAY.NS,NSE
Gayatri Highways Limited,GAYAHWS.NS,NSE
Gretex Corporate Services Limited,GCSL.NS,NSE
GeeCee Ventures Limited,GEECEE.NS,NSE
Geekay Wires Limited,GEEKAYWIRE.NS,NSE
Gem Aromatics Limited,GEMAROMA.NS,NSE
Generic Engineering Construction and Projects Limited,GENCON.NS,NSE
Genesys International Corporation Limited,GENESYS.NS,NSE
Gensol Engineering Limited,GENSOL.NS,NSE
Genus Paper & Boards Limited,GENUSPAPER.NS,NSE
Genus Power Infrastructures Limited,GENUSPOWER.NS,NSE
Geojit Financial Services Limited,GEOJITFSL.NS,NSE
The Great Eastern Shipping Company Limited,GESHIP.NS,NSE
GFL Limited,GFLLIMITED.NS,NSE
GHCL Limited,GHCL.NS,NSE
GHCL Textiles Limited,GHCLTEXTIL.NS,NSE
GIC Housing Finance Limited,GICHSGFIN.NS,NSE
General Insurance Corporation of India,GICRE.NS,NSE
Gillanders Arbuthnot & Company Limited,GILLANDERS.NS,NSE
Gillette India Limited,GILLETTE.NS,NSE
Ginni Filaments Limited,GINNIFILA.NS,NSE
Gujarat Industries Power Company Limited,GIPCL.NS,NSE
GK Energy Limited,GKENERGY.NS,NSE
GKW Limited,GKWLIMITED.NS,NSE
Gland Pharma Limited,GLAND.NS,NSE
GlaxoSmithKline Pharmaceuticals Limited,GLAXO.NS,NSE
Glenmark Pharmaceuticals Limited,GLENMARK.NS,NSE
Global Education Limited,GLOBAL.NS,NSE
Globale Tessile Limited,GLOBALE.NS,NSE
Global Vectra Helicorp Limited,GLOBALVECT.NS,NSE
GLOBE ENTERPRISES (INDIA) LIMITED,GLOBE.NS,NSE
Globe Civil Projects Limited,GLOBECIVIL.NS,NSE
Globus Spirits Limited,GLOBUSSPR.NS,NSE
Gloster Limited,GLOSTERLTD.NS,NSE
Glottis Limited,GLOTTIS.NS,NSE
GM Breweries Limited,GMBREW.NS,NSE
Gujarat Mineral Development Corporation Limited,GMDCLTD.NS,NSE
GMM Pfaudler Limited,GMMPFAUDLR.NS,NSE
GMR AIRPORTS LIMITED,GMRAIRPORT.NS,NSE
GMR Power and Urban Infra Limited,GMRP&UI.NS,NSE
GNA Axles Limited,GNA.NS,NSE
Gujarat Narmada Valley Fertilizers and Chemicals Limited,GNFC.NS,NSE
Goa Carbon Limited,GOACARBON.NS,NSE
GOCL Corporation Limited,GOCLCORP.NS,NSE
Go Fashion (India) Limited,GOCOLORS.NS,NSE
Godavari Biorefineries Limited,GODAVARIB.NS,NSE
Godfrey Phillips India Limited,GODFRYPHLP.NS,NSE
Go Digit General Insurance Limited,GODIGIT.NS,NSE
Godrej Agrovet Limited,GODREJAGRO.NS,NSE
Godrej Consumer Products Limited,GODREJCP.NS,NSE
Godrej Industries Limited,GODREJIND.NS,NSE
Godrej Properties Limited,GODREJPROP.NS,NSE
Gokaldas Exports Limited,GOKEX.NS,NSE
Gokul Refoils and Solvent Limited,GOKUL.NS,NSE
Gokul Agro Resources Limited,GOKULAGRO.NS,NSE
Golden Tobacco Limited,GOLDENTOBC.NS,NSE
Goldiam International Limited,GOLDIAM.NS,NSE
AION-TECH SOLUTIONS LIMITED,GOLDTECH.NS,NSE
Goodluck India Limited,GOODLUCK.NS,NSE
Gopal Snacks Limited,GOPAL.NS,NSE
Goyal Aluminiums Limited,GOYALALUM.NS,NSE
Godawari Power And Ispat limited,GPIL.NS,NSE
Gujarat Pipavav Port Limited,GPPL.NS,NSE
GPT Healthcare Limited,GPTHEALTH.NS,NSE
GPT Infraprojects Limited,GPTINFRA.NS,NSE
Granules India Limited,GRANULES.NS,NSE
Graphite India Limited,GRAPHITE.NS,NSE
Grasim Industries Limited,GRASIM.NS,NSE
Gravita India Limited,GRAVITA.NS,NSE
Greaves Cotton Limited,GREAVESCOT.NS,NSE
Greenlam Industries Limited,GREENLAM.NS,NSE
Greenpanel Industries Limited,GREENPANEL.NS,NSE
Greenply Industries Limited,GREENPLY.NS,NSE
Orient Green Power Company Limited,GREENPOWER.NS,NSE
Grindwell Norton Limited,GRINDWELL.NS,NSE
G R Infraprojects Limited,GRINFRA.NS,NSE
GRM Overseas Limited,GRMOVER.NS,NSE
The Grob Tea Company Limited,GROBTEA.NS,NSE
Billionbrains Garage Ventures Limited,GROWW.NS,NSE
GRP Limited,GRPLTD.NS,NSE
Garden Reach Shipbuilders & Engineers Limited,GRSE.NS,NSE
Garware Hi-Tech Films Limited,GRWRHITECH.NS,NSE
Gujarat State Fertilizers & Chemicals Limited,GSFC.NS,NSE
Global Surfaces Limited,GSLSU.NS,NSE
Gujarat State Petronet Limited,GSPL.NS,NSE
GSS Infotech Limited,GSS.NS,NSE
G-TEC JAINX EDUCATION LIMITED,GTECJAINX.NS,NSE
GTL Limited,GTL.NS,NSE
GTL Infrastructure Limited,GTLINFRA.NS,NSE
GTPL Hathway Limited,GTPL.NS,NSE
Gufic Biosciences Limited,GUFICBIO.NS,NSE
Gujarat Alkalies and Chemicals Limited,GUJALKALI.NS,NSE
Gujarat Apollo Industries Limited,GUJAPOLLO.NS,NSE
Gujarat Gas Limited,GUJGASLTD.NS,NSE
Gujarat Raffia Industries Limited,GUJRAFFIA.NS,NSE
Gujarat Themis Biosyn Limited,GUJTHEM.NS,NSE
Gulf Oil Lubricants India Limited,GULFOILLUB.NS,NSE
GP Petroleums Limited,GULFPETRO.NS,NSE
Gulshan Polyols Limited,GULPOLY.NS,NSE
GVK Power & Infrastructure Limited,GVKPIL.NS,NSE
GE Power India Limited,GVPIL.NS,NSE
GVP Infotech Limited,GVPTECH.NS,NSE
GE Vernova T&D India Limited,GVT&D.NS,NSE
Hindustan Aeronautics Limited,HAL.NS,NSE
HALEOS LABS LIMITED,HALEOSLABS.NS,NSE
Happiest Minds Technologies Limited,HAPPSTMNDS.NS,NSE
Happy Forgings Limited,HAPPYFORGE.NS,NSE
Hardwyn India Limited,HARDWYN.NS,NSE
Hariom Pipe Industries Limited,HARIOMPIPE.NS,NSE
Harrisons  Malayalam Limited,HARRMALAYA.NS,NSE
Harsha Engineers International Limited,HARSHA.NS,NSE
Hathway Cable & Datacom Limited,HATHWAY.NS,NSE
Hatsun Agro Product Limited,HATSUN.NS,NSE
Havells India Limited,HAVELLS.NS,NSE
Sri Havisha Hospitality and Infrastructure Limited,HAVISHA.NS,NSE
HBL Engineering Limited,HBLENGINE.NS,NSE
HB Stockholdings Limited,HBSL.NS,NSE
Hindustan Construction Company Limited,HCC.NS,NSE
Healthcare Global Enterprises Limited,HCG.NS,NSE
HCL Infosystems Limited,HCL-INSYS.NS,NSE
HCL Technologies Limited,HCLTECH.NS,NSE
HDB Financial Services Limited,HDBFS.NS,NSE
HDFC Asset Management Company Limited,HDFCAMC.NS,NSE
HDFC Bank Limited,HDFCBANK.NS,NSE
HDFC Life Insurance Company Limited,HDFCLIFE.NS,NSE
Housing Development and Infrastructure Limited,HDIL.NS,NSE
Heads UP Ventures Limited,HEADSUP.NS,NSE
HEC Infra Projects Limited,HECPROJECT.NS,NSE
HEG Limited,HEG.NS,NSE
HeidelbergCement India Limited,HEIDELBERG.NS,NSE
Hemisphere Properties India Limited,HEMIPROP.NS,NSE
Heranba Industries Limited,HERANBA.NS,NSE
HERCULES INVESTMENTS LIMITED,HERCULES.NS,NSE
Heritage Foods Limited,HERITGFOOD.NS,NSE
Hero MotoCorp Limited,HEROMOTOCO.NS,NSE
Hester Biosciences Limited,HESTERBIO.NS,NSE
Heubach Colorants India Limited,HEUBACHIND.NS,NSE
Hexa Tradex Limited,HEXATRADEX.NS,NSE
Hexaware Technologies Limited,HEXT.NS,NSE
HFCL Limited,HFCL.NS,NSE
H.G. Infra Engineering Limited,HGINFRA.NS,NSE
HandsOn Global Management (HGM) Limited,HGM.NS,NSE
Hinduja Global Solutions Limited,HGS.NS,NSE
Hikal Limited,HIKAL.NS,NSE
Highway Infrastructure Limited,HILINFRA.NS,NSE
Hilton Metal Forging Limited,HILTON.NS,NSE
Himatsingka Seide Limited,HIMATSEIDE.NS,NSE
Hindalco Industries Limited,HINDALCO.NS,NSE
Hindustan Composites Limited,HINDCOMPOS.NS,NSE
Hindcon Chemicals Limited,HINDCON.NS,NSE
Hindustan Copper Limited,HINDCOPPER.NS,NSE
Hindustan Oil Exploration Company Limited,HINDOILEXP.NS,NSE
Hindustan Petroleum Corporation Limited,HINDPETRO.NS,NSE
Hindustan Unilever Limited,HINDUNILVR.NS,NSE
Hindware Home Innovation Limited,HINDWAREAP.NS,NSE
Hindustan Zinc Limited,HINDZINC.NS,NSE
Hind Rectifiers Limited,HIRECT.NS,NSE
Hisar Metal Industries Limited,HISARMETAL.NS,NSE
Hi-Tech Pipes Limited,HITECH.NS,NSE
Hitech Corporation Limited,HITECHCORP.NS,NSE
The Hi-Tech Gears Limited,HITECHGEAR.NS,NSE
HLE Glascoat Limited,HLEGLAS.NS,NSE
HLV LIMITED,HLVLTD.NS,NSE
HMA Agro Industries Limited,HMAAGRO.NS,NSE
HMT Limited,HMT.NS,NSE
Hindustan Media Ventures Limited,HMVL.NS,NSE
Hindustan Foods Limited,HNDFDS.NS,NSE
Home First Finance Company India Limited,HOMEFIRST.NS,NSE
Honasa Consumer Limited,HONASA.NS,NSE
Honeywell Automation India Limited,HONAUT.NS,NSE
Honda India Power Products Limited,HONDAPOWER.NS,NSE
HP Adhesives Limited,HPAL.NS,NSE
Hindprakash Industries Limited,HPIL.NS,NSE
HPL Electric & Power Limited,HPL.NS,NSE
Himadri Speciality Chemical Limited,HSCL.NS,NSE
HT Media Limited,HTMEDIA.NS,NSE
Hubtown Limited,HUBTOWN.NS,NSE
Housing & Urban Development Corporation Limited,HUDCO.NS,NSE
Huhtamaki India Limited,HUHTAMAKI.NS,NSE
Hybrid Financial Services Limited,HYBRIDFIN.NS,NSE
Hyundai Motor India Limited,HYUNDAI.NS,NSE
Indiabulls Limited,IBULLSLTD.NS,NSE
ICDS Limited,ICDSLTD.NS,NSE
Ice Make Refrigeration Limited,ICEMAKE.NS,NSE
ICICI Bank Limited,ICICIBANK.NS,NSE
ICICI Lombard General Insurance Company Limited,ICICIGI.NS,NSE
ICICI Prudential Life Insurance Company Limited,ICICIPRULI.NS,NSE
Indo Count Industries Limited,ICIL.NS,NSE
ICRA Limited,ICRA.NS,NSE
IDBI Bank Limited,IDBI.NS,NSE
Vodafone Idea Limited,IDEA.NS,NSE
Ideaforge Technology Limited,IDEAFORGE.NS,NSE
IDFC First Bank Limited,IDFCFIRSTB.NS,NSE
Indian Energy Exchange Limited,IEX.NS,NSE
IFB Agro Industries Limited,IFBAGRO.NS,NSE
IFB Industries Limited,IFBIND.NS,NSE
IFCI Limited,IFCI.NS,NSE
IFGL Refractories Limited,IFGLEXPOR.NS,NSE
Igarashi Motors India Limited,IGARASHI.NS,NSE
Indogulf Cropsciences Limited,IGCL.NS,NSE
International Gemmological Institute (India) Limited,IGIL.NS,NSE
Indraprastha Gas Limited,IGL.NS,NSE
IG Petrochemicals Limited,IGPL.NS,NSE
IIFL Finance Limited,IIFL.NS,NSE
IIFL Capital Services Limited,IIFLCAPS.NS,NSE
Industrial Investment Trust Limited,IITL.NS,NSE
IKIO Technologies Limited,IKIO.NS,NSE
Inventurus Knowledge Solutions Limited,IKS.NS,NSE
IL&FS Engineering and Construction Company Limited,IL&FSENGG.NS,NSE
IL&FS Transportation Networks Limited,IL&FSTRANS.NS,NSE
Imagicaaworld Entertainment Limited,IMAGICAA.NS,NSE
Indian Metals & Ferro Alloys Limited,IMFA.NS,NSE
India Motor Parts and Accessories Limited,IMPAL.NS,NSE
Impex Ferro Tech Limited,IMPEXFERRO.NS,NSE
INCREDIBLE INDUSTRIES LIMITED,INCREDIBLE.NS,NSE
Indbank Merchant Banking Services Limited,INDBANK.NS,NSE
Indegene Limited,INDGN.NS,NSE
The Indian Hotels Company Limited,INDHOTEL.NS,NSE
The India Cements Limited,INDIACEM.NS,NSE
India Glycols Limited,INDIAGLYCO.NS,NSE
Indiamart Intermesh Limited,INDIAMART.NS,NSE
Indian Bank,INDIANB.NS,NSE
Indian Card Clothing Company Limited,INDIANCARD.NS,NSE
Indian Hume Pipe Company Limited,INDIANHUME.NS,NSE
India Shelter Finance Corporation Limited,INDIASHLTR.NS,NSE
InterGlobe Aviation Limited,INDIGO.NS,NSE
Indigo Paints Limited,INDIGOPNTS.NS,NSE
Indiqube Spaces Limited,INDIQUBE.NS,NSE
India Nippon Electricals Limited,INDNIPPON.NS,NSE
Indo Amines Limited,INDOAMIN.NS,NSE
Indo Borax & Chemicals Limited,INDOBORAX.NS,NSE
Indoco Remedies Limited,INDOCO.NS,NSE
Indo Farm Equipment Limited,INDOFARM.NS,NSE
Indo Rama Synthetics (India) Limited,INDORAMA.NS,NSE
IndoStar Capital Finance Limited,INDOSTAR.NS,NSE
Indo Tech Transformers Limited,INDOTECH.NS,NSE
Indo Thai Securities Limited,INDOTHAI.NS,NSE
Indo Us Biotech Limited,INDOUS.NS,NSE
Indowind Energy Limited,INDOWIND.NS,NSE
Indraprastha Medical Corporation Limited,INDRAMEDCO.NS,NSE
Ind-Swift Laboratories Limited,INDSWFTLAB.NS,NSE
Indian Terrain Fashions Limited,INDTERRAIN.NS,NSE
IndusInd Bank Limited,INDUSINDBK.NS,NSE
Indus Towers Limited,INDUSTOWER.NS,NSE
Infibeam Avenues Limited,INFIBEAM.NS,NSE
InfoBeans Technologies Limited,INFOBEAN.NS,NSE
Infomedia Press Limited,INFOMEDIA.NS,NSE
Infosys Limited,INFY.NS,NSE
Ingersoll Rand (India) Limited,INGERRAND.NS,NSE
Innova Captab Limited,INNOVACAP.NS,NSE
Innovana Thinklabs Limited,INNOVANA.NS,NSE
Inox Green Energy Services Limited,INOXGREEN.NS,NSE
INOX India Limited,INOXINDIA.NS,NSE
Inox Wind Limited,INOXWIND.NS,NSE
Insecticides (India) Limited,INSECTICID.NS,NSE
Inspirisys Solutions Limited,INSPIRISYS.NS,NSE
Intellect Design Arena Limited,INTELLECT.NS,NSE
Intense Technologies Limited,INTENTECH.NS,NSE
Interarch Building Solutions Limited,INTERARCH.NS,NSE
International Conveyors Limited,INTLCONV.NS,NSE
Inventure Growth & Securities Limited,INVENTURE.NS,NSE
Indian Overseas Bank,IOB.NS,NSE
Indian Oil Corporation Limited,IOC.NS,NSE
IOL Chemicals and Pharmaceuticals Limited,IOLCP.NS,NSE
ION Exchange (India) Limited,IONEXCHANG.NS,NSE
IPCA Laboratories Limited,IPCALAB.NS,NSE
India Pesticides Limited,IPL.NS,NSE
IRB Infrastructure Developers Limited,IRB.NS,NSE
Ircon International Limited,IRCON.NS,NSE
Indian Railway Catering And Tourism Corporation Limited,IRCTC.NS,NSE
Indian Renewable Energy Development Agency Limited,IREDA.NS,NSE
Indian Railway Finance Corporation Limited,IRFC.NS,NSE
IRIS RegTech Solutions Limited,IRIS.NS,NSE
Iris Clothings Limited,IRISDOREME.NS,NSE
IRM Energy Limited,IRMENERGY.NS,NSE
Intrasoft Technologies Limited,ISFT.NS,NSE
Isgec Heavy Engineering Limited,ISGEC.NS,NSE
Ishan Dyes and Chemicals Limited,ISHANCH.NS,NSE
ITC Limited,ITC.NS,NSE
ITC Hotels Limited,ITCHOTELS.NS,NSE
India Tourism Development Corporation Limited,ITDC.NS,NSE
ITI Limited,ITI.NS,NSE
Ivalue Infosolutions Limited,IVALUE.NS,NSE
IL&FS Investment Managers Limited,IVC.NS,NSE
IVP Limited,IVP.NS,NSE
Le Travenues Technology Limited,IXIGO.NS,NSE
IZMO Limited,IZMO.NS,NSE
The Jammu & Kashmir Bank Limited,J&KBANK.NS,NSE
Jagran Prakashan Limited,JAGRAN.NS,NSE
Jagsonpal Pharmaceuticals Limited,JAGSNPHARM.NS,NSE
Jai Balaji Industries Limited,JAIBALAJI.NS,NSE
Jai Corp Limited,JAICORPLTD.NS,NSE
Jain Resource Recycling Limited,JAINREC.NS,NSE
Nandani Creation Limited,JAIPURKURT.NS,NSE
Jamna Auto Industries Limited,JAMNAAUTO.NS,NSE
Jaro Institute of Technology Management and Research Limited,JARO.NS,NSE
Jash Engineering Limited,JASH.NS,NSE
Jayant Agro Organics Limited,JAYAGROGN.NS,NSE
Jay Bharat Maruti Limited,JAYBARMARU.NS,NSE
Jaykay Enterprises Limited,JAYKAY.NS,NSE
Jayaswal Neco Industries Limited,JAYNECOIND.NS,NSE
Jayshree Tea & Industries Limited,JAYSREETEA.NS,NSE
JB Chemicals & Pharmaceuticals Limited,JBCHEPHARM.NS,NSE
JBM Auto Limited,JBMA.NS,NSE
Johnson Controls - Hitachi Air Conditioning India Limited,JCHAC.NS,NSE
Jet Freight Logistics Limited,JETFREIGHT.NS,NSE
J.G.Chemicals Limited,JGCHEM.NS,NSE
JHS Svendgaard Laboratories Limited,JHS.NS,NSE
Jindal Photo Limited,JINDALPHOT.NS,NSE
Jindal Poly Films Limited,JINDALPOLY.NS,NSE
Jindal Saw Limited,JINDALSAW.NS,NSE
JINDAL STEEL LIMITED,JINDALSTEL.NS,NSE
Jindal Drilling And Industries Limited,JINDRILL.NS,NSE
Jindal Worldwide Limited,JINDWORLD.NS,NSE
Jio Financial Services Limited,JIOFIN.NS,NSE
Jain Irrigation Systems Limited,JISLDVREQS.NS,NSE
Jain Irrigation Systems Limited,JISLJALEQS.NS,NSE
JITF Infralogistics Limited,JITFINFRA.NS,NSE
JK Cement Limited,JKCEMENT.NS,NSE
J.Kumar Infraprojects Limited,JKIL.NS,NSE
Jinkushal Industries Limited,JKIPL.NS,NSE
JK Lakshmi Cement Limited,JKLAKSHMI.NS,NSE
JK Paper Limited,JKPAPER.NS,NSE
JK Tyre & Industries Limited,JKTYRE.NS,NSE
Jupiter Life Line Hospitals Limited,JLHL.NS,NSE
Jullundur Motor Agency (Delhi) Limited,JMA.NS,NSE
JM Financial Limited,JMFINANCIL.NS,NSE
JNK India Limited,JNKINDIA.NS,NSE
Jocil Limited,JOCIL.NS,NSE
Jindal Poly Investment and Finance Company Limited,JPOLYINVST.NS,NSE
Jaiprakash Power Ventures Limited,JPPOWER.NS,NSE
Jana Small Finance Bank Limited,JSFB.NS,NSE
Jindal Stainless Limited,JSL.NS,NSE
Jeena Sikho Lifecare Limited,JSLL.NS,NSE
JSW Cement Limited,JSWCEMENT.NS,NSE
JSW Energy Limited,JSWENERGY.NS,NSE
JSW Holdings Limited,JSWHL.NS,NSE
JSW Infrastructure Limited,JSWINFRA.NS,NSE
JSW Steel Limited,JSWSTEEL.NS,NSE
Jtekt India Limited,JTEKTINDIA.NS,NSE
JTL INDUSTRIES LIMITED,JTLIND.NS,NSE
Jubilant Agri and Consumer Products Limited,JUBLCPL.NS,NSE
Jubilant Foodworks Limited,JUBLFOOD.NS,NSE
Jubilant Ingrevia Limited,JUBLINGREA.NS,NSE
Jubilant Pharmova Limited,JUBLPHARMA.NS,NSE
Juniper Hotels Limited,JUNIPER.NS,NSE
Just Dial Limited,JUSTDIAL.NS,NSE
Jupiter Wagons Limited,JWL.NS,NSE
Jyothy Labs Limited,JYOTHYLAB.NS,NSE
Jyoti CNC Automation Limited,JYOTICNC.NS,NSE
Jyoti Structures Limited,JYOTISTRUC.NS,NSE
Kabra Extrusion Technik Limited,KABRAEXTRU.NS,NSE
Kajaria Ceramics Limited,KAJARIACER.NS,NSE
Kakatiya Cement Sugar & Industries Limited,KAKATCEM.NS,NSE
Sai Silks (Kalamandir) Limited,KALAMANDIR.NS,NSE
Kalpataru Limited,KALPATARU.NS,NSE
Kalyani Commercials Limited,KALYANI.NS,NSE
Kalyani Forge Limited,KALYANIFRG.NS,NSE
Kalyan Jewellers India Limited,KALYANKJIL.NS,NSE
Kamat Hotels (I) Limited,KAMATHOTEL.NS,NSE
Kamdhenu Limited,KAMDHENU.NS,NSE
Kamdhenu Ventures Limited,KAMOPAINTS.NS,NSE
Kanani Industries Limited,KANANIIND.NS,NSE
Kanoria Chemicals & Industries Limited,KANORICHEM.NS,NSE
Kanpur Plastipack Limited,KANPRPLA.NS,NSE
Kansai Nerolac Paints Limited,KANSAINER.NS,NSE
Kapston Services Limited,KAPSTON.NS,NSE
Karma Energy Limited,KARMAENG.NS,NSE
Karur Vysya Bank Limited,KARURVYSYA.NS,NSE
Kaushalya Infrastructure Development Corporation Limited,KAUSHALYA.NS,NSE
Kavveri Defence & Wireless Technologies Limited,KAVDEFENCE.NS,NSE
Kaya Limited,KAYA.NS,NSE
Kaynes Technology India Limited,KAYNES.NS,NSE
KCP Limited,KCP.NS,NSE
KCP Sugar and Industries Corporation Limited,KCPSUGIND.NS,NSE
KDDL Limited,KDDL.NS,NSE
KEC International Limited,KEC.NS,NSE
Kirloskar Electric Company Limited,KECL.NS,NSE
DSJ Keep Learning Limited,KEEPLEARN.NS,NSE
KEI Industries Limited,KEI.NS,NSE
Kellton Tech Solutions Limited,KELLTONTEC.NS,NSE
Kernex Microsystems (India) Limited,KERNEX.NS,NSE
Kesoram Industries Limited,KESORAMIND.NS,NSE
Keynote Financial Services Limited,KEYFINSERV.NS,NSE
Kfin Technologies Limited,KFINTECH.NS,NSE
Khadim India Limited,KHADIM.NS,NSE
Khaitan Chemicals & Fertilizers Limited,KHAICHEM.NS,NSE
Khaitan (India) Limited,KHAITANLTD.NS,NSE
Khandwala Securities Limited,KHANDSE.NS,NSE
Kalyani Investment Company Limited,KICL.NS,NSE
Kilitch Drugs (India) Limited,KILITCH.NS,NSE
Krishna Institute of Medical Sciences Limited,KIMS.NS,NSE
Kingfa Science & Technology (India) Limited,KINGFA.NS,NSE
KIOCL Limited,KIOCL.NS,NSE
Kiri Industries Limited,KIRIINDUS.NS,NSE
Kirloskar Brothers Limited,KIRLOSBROS.NS,NSE
Kirloskar Oil Engines Limited,KIRLOSENG.NS,NSE
Kirloskar Industries Limited,KIRLOSIND.NS,NSE
Kirloskar Pneumatic Company Limited,KIRLPNU.NS,NSE
Kitex Garments Limited,KITEX.NS,NSE
Kewal Kiran Clothing Limited,KKCL.NS,NSE
Knowledge Marine & Engineering Works Limited,KMEW.NS,NSE
K.M.Sugar Mills Limited,KMSUGAR.NS,NSE
KN Agri Resources Limited,KNAGRI.NS,NSE
KNR Constructions Limited,KNRCON.NS,NSE
Kohinoor Foods Limited,KOHINOOR.NS,NSE
Kokuyo Camlin Limited,KOKUYOCMLN.NS,NSE
Kolte - Patil Developers Limited,KOLTEPATIL.NS,NSE
Kopran Limited,KOPRAN.NS,NSE
Kotak Mahindra Bank Limited,KOTAKBANK.NS,NSE
Kothari Sugars And Chemicals Limited,KOTARISUG.NS,NSE
Kothari Petrochemicals Limited,KOTHARIPET.NS,NSE
Kothari Products Limited,KOTHARIPRO.NS,NSE
K.P. Energy Limited,KPEL.NS,NSE
KPI Green Energy Limited,KPIGREEN.NS,NSE
Kalpataru Projects International Limited,KPIL.NS,NSE
KPIT Technologies Limited,KPITTECH.NS,NSE
K.P.R. Mill Limited,KPRMILL.NS,NSE
KRBL Limited,KRBL.NS,NSE
Krebs Biochemicals and Industries Limited,KREBSBIO.NS,NSE
Kridhan Infra Limited,KRIDHANINF.NS,NSE
Krishana Phoschem Limited,KRISHANA.NS,NSE
Krishival Foods Limited,KRISHIVAL.NS,NSE
Kriti Industries (India) Limited,KRITI.NS,NSE
Kritika Wires Limited,KRITIKA.NS,NSE
Kriti Nutrients Limited,KRITINUT.NS,NSE
KRN Heat Exchanger and Refrigeration Limited,KRN.NS,NSE
Kronox Lab Sciences Limited,KRONOX.NS,NSE
Kross Limited,KROSS.NS,NSE
Krsnaa Diagnostics Limited,KRSNAA.NS,NSE
Krystal Integrated Services Limited,KRYSTAL.NS,NSE
Ksb Limited,KSB.NS,NSE
Kaveri Seed Company Limited,KSCL.NS,NSE
Kshitij Polyline Limited,KSHITIJPOL.NS,NSE
Kalyani Steels Limited,KSL.NS,NSE
Ksolves India Limited,KSOLVES.NS,NSE
KSR Footwear Limited,KSR.NS,NSE
The Karnataka Bank Limited,KTKBANK.NS,NSE
Kuantum Papers Limited,KUANTUM.NS,NSE
Lagnam Spintex Limited,LAGNAM.NS,NSE
Lakshmi Precision Screws Limited,LAKPRE.NS,NSE
Lorenzini Apparels Limited,LAL.NS,NSE
Dr. Lal Path Labs Ltd.,LALPATHLAB.NS,NSE
Lambodhara Textiles Limited,LAMBODHARA.NS,NSE
Lancor Holdings Limited,LANCORHOL.NS,NSE
Landmark Cars Limited,LANDMARK.NS,NSE
La Opala RG Limited,LAOPALA.NS,NSE
Lasa Supergenerics Limited,LASA.NS,NSE
Latent View Analytics Limited,LATENTVIEW.NS,NSE
Latteys Industries Limited,LATTEYS.NS,NSE
Laurus Labs Limited,LAURUSLABS.NS,NSE
Laxmi Cotspin Limited,LAXMICOT.NS,NSE
Laxmi Dental Limited,LAXMIDENTL.NS,NSE
Laxmi India Finance Limited,LAXMIINDIA.NS,NSE
LCC Infotech Limited,LCCINFOTEC.NS,NSE
Le Merite Exports Limited,LEMERITE.NS,NSE
Lemon Tree Hotels Limited,LEMONTREE.NS,NSE
Lenskart Solutions Limited,LENSKART.NS,NSE
Lexus Granito (India) Limited,LEXUS.NS,NSE
Lakshmi Finance & Industrial Corporation Limited,LFIC.NS,NSE
LG Balakrishnan & Bros Limited,LGBBROSLTD.NS,NSE
LG Electronics India Limited,LGEINDIA.NS,NSE
Laxmi Goldorna House Limited,LGHL.NS,NSE
Libas Consumer Products Limited,LIBAS.NS,NSE
Liberty Shoes Limited,LIBERTSHOE.NS,NSE
LIC Housing Finance Limited,LICHSGFIN.NS,NSE
Life Insurance Corporation Of India,LICI.NS,NSE
Likhitha Infrastructure Limited,LIKHITHA.NS,NSE
Linc Limited,LINC.NS,NSE
Lincoln Pharmaceuticals Limited,LINCOLN.NS,NSE
Linde India Limited,LINDEINDIA.NS,NSE
LLOYDS ENGINEERING WORKS LIMITED,LLOYDSENGG.NS,NSE
Lloyds Enterprises Limited,LLOYDSENT.NS,NSE
Lloyds Metals And Energy Limited,LLOYDSME.NS,NSE
LMW Limited,LMW.NS,NSE
Lodha Developers Limited,LODHA.NS,NSE
Lokesh Machines Limited,LOKESHMACH.NS,NSE
Lords Chloro Alkali Limited,LORDSCHLO.NS,NSE
Sri Lotus Developers and Realty Limited,LOTUSDEV.NS,NSE
Lotus Eye Hospital and Institute Limited,LOTUSEYE.NS,NSE
Lovable Lingerie Limited,LOVABLE.NS,NSE
Loyal Textile Mills Limited,LOYALTEX.NS,NSE
Landmark Property Development Company Limited,LPDC.NS,NSE
Larsen & Toubro Limited,LT.NS,NSE
L&T Finance Limited,LTF.NS,NSE
LT Foods Limited,LTFOODS.NS,NSE
LTIMindtree Limited,LTIM.NS,NSE
L&T Technology Services Limited,LTTS.NS,NSE
Lumax Industries Limited,LUMAXIND.NS,NSE
Lumax Auto Technologies Limited,LUMAXTECH.NS,NSE
Lupin Limited,LUPIN.NS,NSE
Lux Industries Limited,LUXIND.NS,NSE
Laxmi Organic Industries Limited,LXCHEM.NS,NSE
Lyka Labs Limited,LYKALABS.NS,NSE
Lypsa Gems & Jewellery Limited,LYPSAGEMS.NS,NSE
Mahindra & Mahindra Limited,M&M.NS,NSE
Mahindra & Mahindra Financial Services Limited,M&MFIN.NS,NSE
Maan Aluminium Limited,MAANALU.NS,NSE
Macpower CNC Machines Limited,MACPOWER.NS,NSE
Madhav Marbles and Granites Limited,MADHAV.NS,NSE
Madhucon Projects Limited,MADHUCON.NS,NSE
Madras Fertilizers Limited,MADRASFERT.NS,NSE
Magadh Sugar & Energy Limited,MAGADSUGAR.NS,NSE
Magnum Ventures Limited,MAGNUM.NS,NSE
Bank of Maharashtra,MAHABANK.NS,NSE
Maha Rashtra Apex Corporation Limited,MAHAPEXLTD.NS,NSE
Mahamaya Steel Industries Limited,MAHASTEEL.NS,NSE
Mahindra EPC Irrigation Limited,MAHEPC.NS,NSE
Maheshwari Logistics Limited,MAHESHWARI.NS,NSE
Mahindra Lifespace Developers Limited,MAHLIFE.NS,NSE
Mahindra Logistics Limited,MAHLOG.NS,NSE
Maharashtra Scooters Limited,MAHSCOOTER.NS,NSE
Maharashtra Seamless Limited,MAHSEAMLES.NS,NSE
Maithan Alloys Limited,MAITHANALL.NS,NSE
Mallcom (India) Limited,MALLCOM.NS,NSE
Malu Paper Mills Limited,MALUPAPER.NS,NSE
Mamata Machinery Limited,MAMATA.NS,NSE
Manaksia Aluminium Company Limited,MANAKALUCO.NS,NSE
Manaksia Coated Metals & Industries Limited,MANAKCOAT.NS,NSE
Manaksia Limited,MANAKSIA.NS,NSE
Manaksia Steels Limited,MANAKSTEEL.NS,NSE
Manali Petrochemicals Limited,MANALIPETC.NS,NSE
Manappuram Finance Limited,MANAPPURAM.NS,NSE
Manba Finance Limited,MANBA.NS,NSE
Mangal Credit and Fincorp Limited,MANCREDIT.NS,NSE
Mangalam Drugs And Organics Limited,MANGALAM.NS,NSE
Mangalam Cement Limited,MANGLMCEM.NS,NSE
Man Industries (India) Limited,MANINDS.NS,NSE
Man Infraconstruction Limited,MANINFRA.NS,NSE
Mankind Pharma Limited,MANKIND.NS,NSE
Manomay Tex India Limited,MANOMAY.NS,NSE
Manorama Industries Limited,MANORAMA.NS,NSE
Mangalam Organics Limited,MANORG.NS,NSE
Manugraph India Limited,MANUGRAPH.NS,NSE
Vedant Fashions Limited,MANYAVAR.NS,NSE
C.E. Info Systems Limited,MAPMYINDIA.NS,NSE
Maral Overseas Limited,MARALOVER.NS,NSE
Marathon Nextgen Realty Limited,MARATHON.NS,NSE
Marico Limited,MARICO.NS,NSE
Marine Electricals (India) Limited,MARINE.NS,NSE
Markolines Pavement Technologies Limited,MARKOLINES.NS,NSE
Marksans Pharma Limited,MARKSANS.NS,NSE
Maruti Suzuki India Limited,MARUTI.NS,NSE
MAS Financial Services Limited,MASFIN.NS,NSE
Mask Investments Limited,MASKINVEST.NS,NSE
Mastek Limited,MASTEK.NS,NSE
Master Trust Limited,MASTERTR.NS,NSE
Matrimony.Com Limited,MATRIMONY.NS,NSE
Mawana Sugars Limited,MAWANASUG.NS,NSE
Max Estates Limited,MAXESTATES.NS,NSE
Max Healthcare Institute Limited,MAXHEALTH.NS,NSE
Max India Limited,MAXIND.NS,NSE
Mayur Uniquoters Ltd,MAYURUNIQ.NS,NSE
Mazda Limited,MAZDA.NS,NSE
Mazagon Dock Shipbuilders Limited,MAZDOCK.NS,NSE
Madhya Bharat Agro Products Limited,MBAPL.NS,NSE
M & B Engineering Limited,MBEL.NS,NSE
MBL Infrastructure Limited,MBLINFRA.NS,NSE
Madhav Copper Limited,MCL.NS,NSE
Mcleod Russel India Limited,MCLEODRUSS.NS,NSE
Magellanic Cloud Limited,MCLOUD.NS,NSE
Multi Commodity Exchange of India Limited,MCX.NS,NSE
Global Health Limited,MEDANTA.NS,NSE
Medi Assist Healthcare Services Limited,MEDIASSIST.NS,NSE
Medicamen Biotech Limited,MEDICAMEQ.NS,NSE
Medico Remedies Limited,MEDICO.NS,NSE
Medplus Health Services Limited,MEDPLUS.NS,NSE
Meesho Limited,MEESHO.NS,NSE
Megasoft Limited,MEGASOFT.NS,NSE
Megastar Foods Limited,MEGASTAR.NS,NSE
Mangal Electrical Industries Limited,MEIL.NS,NSE
Menon Bearings Limited,MENONBE.NS,NSE
MEP Infrastructure Developers Limited,MEP.NS,NSE
Metro Brands Limited,METROBRAND.NS,NSE
Metropolis Healthcare Limited,METROPOLIS.NS,NSE
Mahalaxmi Fabric Mills Limited,MFML.NS,NSE
Max Financial Services Limited,MFSL.NS,NSE
Mangalam Global Enterprise Limited,MGEL.NS,NSE
Mahanagar Gas Limited,MGL.NS,NSE
Mahalaxmi Rubtech Limited,MHLXMIRU.NS,NSE
Mahindra Holidays & Resorts India Limited,MHRIL.NS,NSE
MIC Electronics Limited,MICEL.NS,NSE
Mishra Dhatu Nigam Limited,MIDHANI.NS,NSE
Midwest Limited,MIDWESTLTD.NS,NSE
Minda Corporation Limited,MINDACORP.NS,NSE
Mindteck (India) Limited,MINDTECK.NS,NSE
MIRC Electronics Limited,MIRCELECTR.NS,NSE
Mirza International Limited,MIRZAINT.NS,NSE
MITCON Consultancy & Engineering Services Limited,MITCON.NS,NSE
Mittal Life Style Limited,MITTAL.NS,NSE
M K Proteins Limited,MKPL.NS,NSE
MM Forgings Limited,MMFL.NS,NSE
MMP Industries Limited,MMP.NS,NSE
MMTC Limited,MMTC.NS,NSE
One Mobikwik Systems Limited,MOBIKWIK.NS,NSE
Modi Naturals Limited,MODINATUR.NS,NSE
Modi Rubber Limited,MODIRUBBER.NS,NSE
Modis Navnirman Limited,MODIS.NS,NSE
MODISON LIMITED,MODISONLTD.NS,NSE
Modern Threads (India) Limited,MODTHREAD.NS,NSE
Mohit Industries Limited,MOHITIND.NS,NSE
MOIL Limited,MOIL.NS,NSE
Moksh Ornaments Limited,MOKSH.NS,NSE
Meghmani Organics Limited,MOL.NS,NSE
Mold-Tek Technologies Limited,MOLDTECH.NS,NSE
Mold-Tek Packaging Limited,MOLDTKPAC.NS,NSE
Monarch Networth Capital Limited,MONARCH.NS,NSE
Moneyboxx Finance Limited,MONEYBOXX.NS,NSE
Monte Carlo Fashions Limited,MONTECARLO.NS,NSE
Morepen Laboratories Limited,MOREPENLAB.NS,NSE
Moschip Technologies Limited,MOSCHIP.NS,NSE
Samvardhana Motherson International Limited,MOTHERSON.NS,NSE
Motilal Oswal Financial Services Limited,MOTILALOFS.NS,NSE
Motisons Jewellers Limited,MOTISONS.NS,NSE
The Motor & General Finance Limited,MOTOGENFIN.NS,NSE
MphasiS Limited,MPHASIS.NS,NSE
MPS Limited,MPSLTD.NS,NSE
MRF Limited,MRF.NS,NSE
Mangalore Refinery and Petrochemicals Limited,MRPL.NS,NSE
MSP Steel & Power Limited,MSPL.NS,NSE
Mstc Limited,MSTCLTD.NS,NSE
Motherson Sumi Wiring India Limited,MSUMI.NS,NSE
Mtar Technologies Limited,MTARTECH.NS,NSE
MT Educare Limited,MTEDUCARE.NS,NSE
Mahanagar Telephone Nigam Limited,MTNL.NS,NSE
Mufin Green Finance Limited,MUFIN.NS,NSE
Credo Brands Marketing Limited,MUFTI.NS,NSE
Mukand Limited,MUKANDLTD.NS,NSE
Mukka Proteins Limited,MUKKA.NS,NSE
Mukta Arts Limited,MUKTAARTS.NS,NSE
Munjal Auto Industries Limited,MUNJALAU.NS,NSE
Munjal Showa Limited,MUNJALSHOW.NS,NSE
Murudeshwar Ceramics Limited,MURUDCERA.NS,NSE
Muthoot Capital Services Limited,MUTHOOTCAP.NS,NSE
Muthoot Finance Limited,MUTHOOTFIN.NS,NSE
Muthoot Microfin Limited,MUTHOOTMF.NS,NSE
Manoj Vaibhav Gems N Jewellers Limited,MVGJL.NS,NSE
Mangalam Worldwide Limited,MWL.NS,NSE
NACL Industries Limited,NACLIND.NS,NSE
Nagarjuna Fertilizers and Chemicals Limited,NAGAFERT.NS,NSE
Nagreeka Capital & Infrastructure Limited,NAGREEKCAP.NS,NSE
Nagreeka Exports Limited,NAGREEKEXP.NS,NSE
Nahar Capital and Financial Services Limited,NAHARCAP.NS,NSE
Nahar Industrial Enterprises Limited,NAHARINDUS.NS,NSE
Nahar Poly Films Limited,NAHARPOLY.NS,NSE
Nahar Spinning Mills Limited,NAHARSPING.NS,NSE
Nippon Life India Asset Management Limited,NAM-INDIA.NS,NSE
Narmada Agrobase Limited,NARMADA.NS,NSE
Natural Capsules Limited,NATCAPSUQ.NS,NSE
Natco Pharma Limited,NATCOPHARM.NS,NSE
Nath Bio-Genes (India) Limited,NATHBIOGEN.NS,NSE
National Aluminium Company Limited,NATIONALUM.NS,NSE
Info Edge (India) Limited,NAUKRI.NS,NSE
NAVA LIMITED,NAVA.NS,NSE
Navin Fluorine International Limited,NAVINFLUOR.NS,NSE
Navkar Corporation Limited,NAVKARCORP.NS,NSE
Navkar Urbanstructure Limited,NAVKARURB.NS,NSE
Navneet Education Limited,NAVNETEDUL.NS,NSE
Nazara Technologies Limited,NAZARA.NS,NSE
NBCC (India) Limited,NBCC.NS,NSE
N. B. I. Industrial Finance Company Limited,NBIFIN.NS,NSE
NCC Limited,NCC.NS,NSE
NCL Industries Limited,NCLIND.NS,NSE
Naga Dhunseri Group Limited,NDGL.NS,NSE
Nandan Denim Limited,NDL.NS,NSE
NDL Ventures Limited,NDLVENTURE.NS,NSE
Ndr Auto Components Limited,NDRAUTO.NS,NSE
New Delhi Television Limited,NDTV.NS,NSE
North Eastern Carrying Corporation Limited,NECCLTD.NS,NSE
Nectar Lifesciences Limited,NECLIFE.NS,NSE
Nelcast Limited,NELCAST.NS,NSE
NELCO Limited,NELCO.NS,NSE
Neogen Chemicals Limited,NEOGEN.NS,NSE
Nephrocare Health Services Limited,NEPHROPLUS.NS,NSE
Nesco Limited,NESCO.NS,NSE
Nestle India Limited,NESTLEIND.NS,NSE
Netweb Technologies India Limited,NETWEB.NS,NSE
Network18 Media & Investments Limited,NETWORK18.NS,NSE
Neuland Laboratories Limited,NEULANDLAB.NS,NSE
Newgen Software Technologies Limited,NEWGEN.NS,NSE
Next Mediaworks Limited,NEXTMEDIA.NS,NSE
National Fertilizers Limited,NFL.NS,NSE
Nakoda Group of Industries Limited,NGIL.NS,NSE
NGL Fine-Chem Limited,NGLFINE.NS,NSE
Narayana Hrudayalaya Ltd.,NH.NS,NSE
NHPC Limited,NHPC.NS,NSE
The New India Assurance Company Limited,NIACL.NS,NSE
NIBE Limited,NIBE.NS,NSE
NRB Industrial Bearings Limited,NIBL.NS,NSE
NIIT Limited,NIITLTD.NS,NSE
NIIT Learning Systems Limited,NIITMTS.NS,NSE
Nila Infrastructures Limited,NILAINFRA.NS,NSE
Nila Spaces Limited,NILASPACES.NS,NSE
Nilkamal Limited,NILKAMAL.NS,NSE
NINtec Systems Limited,NINSYS.NS,NSE
Indo-National Limited,NIPPOBATRY.NS,NSE
Niraj Cement Structurals Limited,NIRAJ.NS,NSE
Niraj Ispat Industries Limited,NIRAJISPAT.NS,NSE
Nitco Limited,NITCO.NS,NSE
Nitin Spinners Limited,NITINSPIN.NS,NSE
Nitiraj Engineers Limited,NITIRAJ.NS,NSE
Niva Bupa Health Insurance Company Limited,NIVABUPA.NS,NSE
NK Industries Limited,NKIND.NS,NSE
NLC India Limited,NLCINDIA.NS,NSE
NMDC Limited,NMDC.NS,NSE
NOCIL Limited,NOCIL.NS,NSE
Noida Toll Bridge Company Limited,NOIDATOLL.NS,NSE
Norben Tea & Exports Limited,NORBTEAEXP.NS,NSE
Northern Arc Capital Limited,NORTHARC.NS,NSE
Nova Agritech Limited,NOVAAGRI.NS,NSE
Network People Services Technologies Limited,NPST.NS,NSE
N R Agarwal Industries Limited,NRAIL.NS,NSE
NRB Bearing Limited,NRBBEARING.NS,NSE
Nupur Recyclers Limited,NRL.NS,NSE
Nalwa Sons Investments Limited,NSIL.NS,NSE
NMDC Steel Limited,NSLNISP.NS,NSE
NTPC Limited,NTPC.NS,NSE
NTPC Green Energy Limited,NTPCGREEN.NS,NSE
Nucleus Software Exports Limited,NUCLEUS.NS,NSE
Nureca Limited,NURECA.NS,NSE
Nuvama Wealth Management Limited,NUVAMA.NS,NSE
Nuvoco Vistas Corporation Limited,NUVOCO.NS,NSE
FSN E-Commerce Ventures Limited,NYKAA.NS,NSE
Oriental Aromatics Limited,OAL.NS,NSE
Orissa Bengal Carrier Limited,OBCL.NS,NSE
Oberoi Realty Limited,OBEROIRLTY.NS,NSE
OCCL Limited,OCCLLTD.NS,NSE
Odigma Consultancy Solutions Limited,ODIGMA.NS,NSE
Oracle Financial Services Software Limited,OFSS.NS,NSE
Oil India Limited,OIL.NS,NSE
Oil Country Tubular Limited,OILCOUNTUB.NS,NSE
Ola Electric Mobility Limited,OLAELEC.NS,NSE
Olectra Greentech Limited,OLECTRA.NS,NSE
Omax Autos Limited,OMAXAUTO.NS,NSE
Omaxe Limited,OMAXE.NS,NSE
Om Freight Forwarders Limited,OMFREIGHT.NS,NSE
OM INFRA LIMITED,OMINFRAL.NS,NSE
Omkar Speciality Chemicals Limited,OMKARCHEM.NS,NSE
Onelife Capital Advisors Limited,ONELIFECAP.NS,NSE
One Point One Solutions Limited,ONEPOINT.NS,NSE
Onesource Specialty Pharma Limited,ONESOURCE.NS,NSE
Oil & Natural Gas Corporation Limited,ONGC.NS,NSE
OnMobile Global Limited,ONMOBILE.NS,NSE
Onward Technologies Limited,ONWARDTEC.NS,NSE
Optiemus Infracom Limited,OPTIEMUS.NS,NSE
Orbit Exports Limited,ORBTEXP.NS,NSE
Orchasp Limited,ORCHASP.NS,NSE
Orchid Pharma Limited,ORCHPHARMA.NS,NSE
Oricon Enterprises Limited,ORICONENT.NS,NSE
Oriental Trimex Limited,ORIENTALTL.NS,NSE
Orient Bell Limited,ORIENTBELL.NS,NSE
Orient Cement Limited,ORIENTCEM.NS,NSE
ORIENT CERATECH LIMITED,ORIENTCER.NS,NSE
Orient Electric Limited,ORIENTELEC.NS,NSE
Oriental Hotels Limited,ORIENTHOT.NS,NSE
Orient Press Limited,ORIENTLTD.NS,NSE
Orient Paper & Industries Limited,ORIENTPPR.NS,NSE
Orient Technologies Limited,ORIENTTECH.NS,NSE
The Orissa Minerals Development Company Limited,ORISSAMINE.NS,NSE
Orkla India Limited,ORKLAINDIA.NS,NSE
ORTIN GLOBAL LIMITED,ORTINGLOBE.NS,NSE
Osia Hyper Retail Limited,OSIAHYPER.NS,NSE
Oswal Agro Mills Limited,OSWALAGRO.NS,NSE
Oswal Greentech Limited,OSWALGREEN.NS,NSE
Oswal Pumps Limited,OSWALPUMPS.NS,NSE
ShreeOswal Seeds And Chemicals Limited,OSWALSEEDS.NS,NSE
Pace Digitek Limited,PACEDIGITK.NS,NSE
Page Industries Limited,PAGEIND.NS,NSE
Paisalo Digital Limited,PAISALO.NS,NSE
PAKKA LIMITED,PAKKA.NS,NSE
Palash Securities Limited,PALASHSECU.NS,NSE
Palred Technologies Limited,PALREDTEC.NS,NSE
Panacea Biotec Limited,PANACEABIO.NS,NSE
Panache Digilife Limited,PANACHE.NS,NSE
Panama Petrochem Limited,PANAMAPET.NS,NSE
Pansari Developers Limited,PANSARI.NS,NSE
Par Drugs And Chemicals Limited,PAR.NS,NSE
Paramount Communications Limited,PARACABLES.NS,NSE
Paradeep Phosphates Limited,PARADEEP.NS,NSE
Parag Milk Foods Limited,PARAGMILK.NS,NSE
Paras Defence and Space Technologies Limited,PARAS.NS,NSE
Paras Petrofils Limited,PARASPETRO.NS,NSE
Park Medi World Limited,PARKHOSPS.NS,NSE
Apeejay Surrendra Park Hotels Limited,PARKHOTELS.NS,NSE
Parsvnath Developers Limited,PARSVNATH.NS,NSE
Pashupati Cotspin Limited,PASHUPATI.NS,NSE
Pasupati Acrylon Limited,PASUPTAC.NS,NSE
Patanjali Foods Limited,PATANJALI.NS,NSE
Patel Engineering Limited,PATELENG.NS,NSE
Patel Retail Limited,PATELRMART.NS,NSE
Patel Integrated Logistics Limited,PATINTLOG.NS,NSE
Paushak Limited,PAUSHAKLTD.NS,NSE
Pavna Industries Limited,PAVNAIND.NS,NSE
One 97 Communications Limited,PAYTM.NS,NSE
PCBL Chemical Limited,PCBL.NS,NSE
PC Jeweller Limited,PCJEWELLER.NS,NSE
Pudumjee Paper Products Limited,PDMJEPAPER.NS,NSE
PDS Limited,PDSL.NS,NSE
Pearl Polymers Limited,PEARLPOLY.NS,NSE
Pennar Industries Limited,PENIND.NS,NSE
Peninsula Land Limited,PENINLAND.NS,NSE
Persistent Systems Limited,PERSISTENT.NS,NSE
Petronet LNG Limited,PETRONET.NS,NSE
Power Finance Corporation Limited,PFC.NS,NSE
Pfizer Limited,PFIZER.NS,NSE
Prime Focus Limited,PFOCUS.NS,NSE
PTC India Financial Services Limited,PFS.NS,NSE
PG Electroplast Limited,PGEL.NS,NSE
Procter & Gamble Hygiene and Health Care Limited,PGHH.NS,NSE
Procter & Gamble Health Limited,PGHL.NS,NSE
Pearl Global Industries Limited,PGIL.NS,NSE
The Phoenix Mills Limited,PHOENIXLTD.NS,NSE
Piccadily Agro Industries Limited,PICCADIL.NS,NSE
Pidilite Industries Limited,PIDILITIND.NS,NSE
Power & Instrumentation (Gujarat) Limited,PIGL.NS,NSE
PI Industries Limited,PIIND.NS,NSE
Pilani Investment and Industries Corporation Limited,PILANIINVS.NS,NSE
PIL ITALICA LIFESTYLE LIMITED,PILITA.NS,NSE
Pine Labs Limited,PINELABS.NS,NSE
Pioneer Embroideries Limited,PIONEEREMB.NS,NSE
Piramal Finance Limited,PIRAMALFIN.NS,NSE
Pitti Engineering Limited,PITTIENG.NS,NSE
Pix Transmissions Limited,PIXTRANS.NS,NSE
The Peria Karamalai Tea & Produce Company Limited,PKTEA.NS,NSE
Plastiblends India Limited,PLASTIBLEN.NS,NSE
Platinum Industries Limited,PLATIND.NS,NSE
Plaza Wires Limited,PLAZACABLE.NS,NSE
Punjab National Bank,PNB.NS,NSE
PNB Gilts Limited,PNBGILTS.NS,NSE
PNB Housing Finance Limited,PNBHOUSING.NS,NSE
Pritish Nandy Communications Limited,PNC.NS,NSE
PNC Infratech Limited,PNCINFRA.NS,NSE
P N Gadgil Jewellers Limited,PNGJL.NS,NSE
Pondy Oxides & Chemicals Limited,POCL.NS,NSE
Poddar Pigments Limited,PODDARMENT.NS,NSE
Pokarna Limited,POKARNA.NS,NSE
PB Fintech Limited,POLICYBZR.NS,NSE
Polycab India Limited,POLYCAB.NS,NSE
Poly Medicure Limited,POLYMED.NS,NSE
Polyplex Corporation Limited,POLYPLEX.NS,NSE
Ponni Sugars (Erode) Limited,PONNIERODE.NS,NSE
Poonawalla Fincorp Limited,POONAWALLA.NS,NSE
Power Grid Corporation of India Limited,POWERGRID.NS,NSE
Hitachi Energy India Limited,POWERINDIA.NS,NSE
Power Mech Projects Limited,POWERMECH.NS,NSE
PPAP Automotive Limited,PPAP.NS,NSE
Prakash Pipes Limited,PPL.NS,NSE
Piramal Pharma Limited,PPLPHARMA.NS,NSE
Prabha Energy Limited,PRABHA.NS,NSE
Prajay Engineers Syndicate Limited,PRAENG.NS,NSE
Praj Industries Limited,PRAJIND.NS,NSE
Prakash Industries Limited,PRAKASH.NS,NSE
Prakash Steelage Limited,PRAKASHSTL.NS,NSE
Praxis Home Retail Limited,PRAXIS.NS,NSE
Precision Camshafts Limited,PRECAM.NS,NSE
Precot Limited,PRECOT.NS,NSE
Precision Wires India Limited,PRECWIRE.NS,NSE
Premier Explosives Limited,PREMEXPLN.NS,NSE
Premier Limited,PREMIER.NS,NSE
Premier Energies Limited,PREMIERENE.NS,NSE
Premier Polyfilm Limited,PREMIERPOL.NS,NSE
Prestige Estates Projects Limited,PRESTIGE.NS,NSE
Pricol Limited,PRICOLLTD.NS,NSE
Prime Securities Limited,PRIMESECU.NS,NSE
Primo Chemicals Limited,PRIMO.NS,NSE
Prince Pipes And Fittings Limited,PRINCEPIPE.NS,NSE
Priti International Limited,PRITI.NS,NSE
Pritika Auto Industries Limited,PRITIKAUTO.NS,NSE
Privi Speciality Chemicals Limited,PRIVISCL.NS,NSE
Prostarm Info Systems Limited,PROSTARM.NS,NSE
Protean eGov Technologies Limited,PROTEAN.NS,NSE
Prozone Realty Limited,PROZONER.NS,NSE
Prism Johnson Limited,PRSMJOHNSN.NS,NSE
Prudent Corporate Advisory Services Limited,PRUDENT.NS,NSE
Prudential Sugar Corporation Limited,PRUDMOULI.NS,NSE
Punjab & Sind Bank,PSB.NS,NSE
PSP Projects Limited,PSPPROJECT.NS,NSE
PTC India Limited,PTC.NS,NSE
PTC Industries Limited,PTCIL.NS,NSE
PTL Enterprises Limited,PTL.NS,NSE
Punjab Chemicals & Crop Protection Limited,PUNJABCHEM.NS,NSE
Puravankara Limited,PURVA.NS,NSE
PVP Ventures Limited,PVP.NS,NSE
PVR INOX Limited,PVRINOX.NS,NSE
Popular Vehicles and Services Limited,PVSL.NS,NSE
Physicswallah Limited,PWL.NS,NSE
Pyramid Technoplast Limited,PYRAMID.NS,NSE
Quality Power Electrical Equipments Limited,QPOWER.NS,NSE
Quadrant Future Tek Limited,QUADFUTURE.NS,NSE
Quess Corp Limited,QUESS.NS,NSE
Quick Heal Technologies Limited,QUICKHEAL.NS,NSE
Race Eco Chain Limited,RACE.NS,NSE
RACL Geartech Limited,RACLGEAR.NS,NSE
Radaan Mediaworks India Limited,RADAAN.NS,NSE
Radhika Jeweltech Limited,RADHIKAJWE.NS,NSE
Radiant Cash Management Services Limited,RADIANTCMS.NS,NSE
Radico Khaitan Limited,RADICO.NS,NSE
Music Broadcast Limited,RADIOCITY.NS,NSE
Railtel Corporation Of India Limited,RAILTEL.NS,NSE
Rain Industries Limited,RAIN.NS,NSE
Rainbow Childrens Medicare Limited,RAINBOW.NS,NSE
Rajesh Exports Limited,RAJESHEXPO.NS,NSE
Rajnandini Metal Limited,RAJMET.NS,NSE
Rajoo Engineers Limited,RAJOOENG.NS,NSE
Rajratan Global Wire Limited,RAJRATAN.NS,NSE
Raj Rayon Industries Limited,RAJRILTD.NS,NSE
Rajshree Sugars & Chemicals Limited,RAJSREESUG.NS,NSE
Raj Television Network Limited,RAJTV.NS,NSE
Rallis India Limited,RALLIS.NS,NSE
Shree Rama Newsprint Limited,RAMANEWS.NS,NSE
Rama Phosphates Limited,RAMAPHO.NS,NSE
Rama Steel Tubes Limited,RAMASTEEL.NS,NSE
The Ramco Cements Limited,RAMCOCEM.NS,NSE
Ramco Industries Limited,RAMCOIND.NS,NSE
Ramco Systems Limited,RAMCOSYS.NS,NSE
Ramky Infrastructure Limited,RAMKY.NS,NSE
Ram Ratna Wires Limited,RAMRAT.NS,NSE
Rana Sugars Limited,RANASUG.NS,NSE
Rane Holdings Limited,RANEHOLDIN.NS,NSE
Rategain Travel Technologies Limited,RATEGAIN.NS,NSE
Ratnamani Metals & Tubes Limited,RATNAMANI.NS,NSE
Ratnaveer Precision Engineering Limited,RATNAVEER.NS,NSE
Raymond Limited,RAYMOND.NS,NSE
Raymond Lifestyle Limited,RAYMONDLSL.NS,NSE
Raymond Realty Limited,RAYMONDREL.NS,NSE
Restaurant Brands Asia Limited,RBA.NS,NSE
RBL Bank Limited,RBLBANK.NS,NSE
RBZ Jewellers Limited,RBZJEWEL.NS,NSE
Rashtriya Chemicals and Fertilizers Limited,RCF.NS,NSE
Reliance Communications Limited,RCOM.NS,NSE
REC Limited,RECLTD.NS,NSE
Redington Limited,REDINGTON.NS,NSE
Redtape Limited,REDTAPE.NS,NSE
Refex Industries Limited,REFEX.NS,NSE
Regaal Resources Limited,REGAAL.NS,NSE
Regency Ceramics Limited,REGENCERAM.NS,NSE
Relaxo Footwears Limited,RELAXO.NS,NSE
Reliance Chemotex Industries Limited,RELCHEMQ.NS,NSE
Reliable Data Services Limited,RELIABLE.NS,NSE
Reliance Industries Limited,RELIANCE.NS,NSE
Religare Enterprises Limited,RELIGARE.NS,NSE
Reliance Infrastructure Limited,RELINFRA.NS,NSE
Ravindra Energy Limited,RELTD.NS,NSE
Remsons Industries Limited,REMSONSIND.NS,NSE
Shree Renuka Sugars Limited,RENUKA.NS,NSE
Repco Home Finance Limited,REPCOHOME.NS,NSE
Rudrabhishek Enterprises Limited,REPL.NS,NSE
Repro India Limited,REPRO.NS,NSE
Responsive Industries Limited,RESPONIND.NS,NSE
JHS Svendgaard Retail Ventures Limited,RETAIL.NS,NSE
Renaissance Global Limited,RGL.NS,NSE
Rhetan TMT Limited,RHETAN.NS,NSE
Reliance Home Finance Limited,RHFL.NS,NSE
RHI MAGNESITA INDIA LIMITED,RHIM.NS,NSE
Robust Hotels Limited,RHL.NS,NSE
Rico Auto Industries Limited,RICOAUTO.NS,NSE
Reliance Industrial Infrastructure Limited,RIIL.NS,NSE
Rishabh Instruments Limited,RISHABH.NS,NSE
Ritco Logistics Limited,RITCO.NS,NSE
RITES Limited,RITES.NS,NSE
Ravi Kumar Distilleries Limited,RKDL.NS,NSE
RKEC Projects Limited,RKEC.NS,NSE
Ramkrishna Forgings Limited,RKFORGE.NS,NSE
R K Swamy Limited,RKSWAMY.NS,NSE
R M Drip and Sprinklers Systems Limited,RMDRIP.NS,NSE
Rane (Madras) Limited,RML.NS,NSE
R&B Denims Limited,RNBDENIMS.NS,NSE
Royal Orchid Hotels Limited,ROHLTD.NS,NSE
Rolex Rings Limited,ROLEXRINGS.NS,NSE
Rollatainers Limited,ROLLT.NS,NSE
Raj Oil Mills Limited,ROML.NS,NSE
Rossari Biotech Limited,ROSSARI.NS,NSE
Rossell India Limited,ROSSELLIND.NS,NSE
Rossell Techsys Limited,ROSSTECH.NS,NSE
Roto Pumps Limited,ROTO.NS,NSE
ROUTE MOBILE LIMITED,ROUTE.NS,NSE
Raghav Productivity Enhancers Limited,RPEL.NS,NSE
RPG Life Sciences Limited,RPGLIFE.NS,NSE
Reliance Power Limited,RPOWER.NS,NSE
R.P.P. Infra Projects Limited,RPPINFRA.NS,NSE
Rajshree Polypack Limited,RPPL.NS,NSE
RPSG VENTURES LIMITED,RPSGVENT.NS,NSE
Rashi Peripherals Limited,RPTECH.NS,NSE
R R Kabel Limited,RRKABEL.NS,NSE
R. S. Software (India) Limited,RSSOFTWARE.NS,NSE
RSWM Limited,RSWM.NS,NSE
R Systems International Limited,RSYSTEMS.NS,NSE
RattanIndia Enterprises Limited,RTNINDIA.NS,NSE
RattanIndia Power Limited,RTNPOWER.NS,NSE
Rubfila International Limited,RUBFILA.NS,NSE
Rubicon Research Limited,RUBICON.NS,NSE
The Ruby Mills Limited,RUBYMILLS.NS,NSE
Ruchi Infrastructure Limited,RUCHINFRA.NS,NSE
Ruchira Papers Limited,RUCHIRA.NS,NSE
Rudra Global Infra Products Limited,RUDRA.NS,NSE
Rupa & Company Limited,RUPA.NS,NSE
Rushil Decor Limited,RUSHIL.NS,NSE
Keystone Realtors Limited,RUSTOMJEE.NS,NSE
Ravinder Heights Limited,RVHL.NS,NSE
Rail Vikas Nigam Limited,RVNL.NS,NSE
Revathi Equipment India Limited,RVTH.NS,NSE
S&S Power Switchgears Limited,S&SPOWER.NS,NSE
Saatvik Green Energy Limited,SAATVIKGL.NS,NSE
Sab Events & Governance Now Media Limited,SABEVENTS.NS,NSE
Sri Adhikari Brothers Television Network Limited,SABTNL.NS,NSE
Sadbhav Engineering Limited,SADBHAV.NS,NSE
Sadbhav Infrastructure Project Limited,SADBHIN.NS,NSE
Sadhana Nitrochem Limited,SADHNANIQ.NS,NSE
Safari Industries (India) Limited,SAFARI.NS,NSE
Sagardeep Alloys Limited,SAGARDEEP.NS,NSE
Sagar Cements Limited,SAGCEM.NS,NSE
SAGILITY LIMITED,SAGILITY.NS,NSE
Sahyadri Industries Limited,SAHYADRI.NS,NSE
Steel Authority of India Limited,SAIL.NS,NSE
Sai Life Sciences Limited,SAILIFE.NS,NSE
Sakar Healthcare Limited,SAKAR.NS,NSE
Sakthi Sugars Limited,SAKHTISUG.NS,NSE
Saksoft Limited,SAKSOFT.NS,NSE
Sakuma Exports Limited,SAKUMA.NS,NSE
Salasar Techno Engineering Limited,SALASAR.NS,NSE
Salona Cotspin Limited,SALONA.NS,NSE
S.A.L. Steel Limited,SALSTEEL.NS,NSE
Salzer Electronics Limited,SALZERELEC.NS,NSE
Sambhaav Media Limited,SAMBHAAV.NS,NSE
Sambhv Steel Tubes Limited,SAMBHV.NS,NSE
Samhi Hotels Limited,SAMHI.NS,NSE
Sammaan Capital Limited,SAMMAANCAP.NS,NSE
Sampann Utpadan India Limited,SAMPANN.NS,NSE
Sanathan Textiles Limited,SANATHAN.NS,NSE
Sanco Industries Limited,SANCO.NS,NSE
The Sandesh Limited,SANDESH.NS,NSE
Sandhar Technologies Limited,SANDHAR.NS,NSE
Sandur Manganese & Iron Ores Limited,SANDUMA.NS,NSE
Sangam (India) Limited,SANGAMIND.NS,NSE
Sanghi Industries Limited,SANGHIIND.NS,NSE
Sanghvi Movers Limited,SANGHVIMOV.NS,NSE
Sanginita Chemicals Limited,SANGINITA.NS,NSE
Sanofi India Limited,SANOFI.NS,NSE
Sanofi Consumer Healthcare India Limited,SANOFICONR.NS,NSE
Sansera Engineering Limited,SANSERA.NS,NSE
Sanstar Limited,SANSTAR.NS,NSE
Sanwaria Consumer Limited,SANWARIA.NS,NSE
Sapphire Foods India Limited,SAPPHIRE.NS,NSE
Sarda Energy & Minerals Limited,SARDAEN.NS,NSE
Saregama India Limited,SAREGAMA.NS,NSE
Sarla Performance Fibers Limited,SARLAPOLY.NS,NSE
Sarveshwar Foods Limited,SARVESHWAR.NS,NSE
Sasken Technologies Limited,SASKEN.NS,NSE
Sastasundar Ventures Limited,SASTASUNDR.NS,NSE
Satia Industries Limited,SATIA.NS,NSE
Satin Creditcare Network Limited,SATIN.NS,NSE
Saurashtra Cement Limited,SAURASHCEM.NS,NSE
SBC Exports Limited,SBC.NS,NSE
Shivalik Bimetal Controls Limited,SBCL.NS,NSE
SBFC Finance Limited,SBFC.NS,NSE
Suratwwala Business Group Limited,SBGLP.NS,NSE
SBI Cards and Payment Services Limited,SBICARD.NS,NSE
SBI Life Insurance Company Limited,SBILIFE.NS,NSE
State Bank of India,SBIN.NS,NSE
Schaeffler India Limited,SCHAEFFLER.NS,NSE
S Chand And Company Limited,SCHAND.NS,NSE
Schneider Electric Infrastructure Limited,SCHNEIDER.NS,NSE
Shipping Corporation Of India Limited,SCI.NS,NSE
Shipping Corporation of India Land and Assets Limited,SCILAL.NS,NSE
Scoda Tubes Limited,SCODATUBES.NS,NSE
Sheetal Cool Products Limited,SCPL.NS,NSE
Som Distilleries & Breweries Limited,SDBL.NS,NSE
Seamec Limited,SEAMECLTD.NS,NSE
SecMark Consultancy Limited,SECMARK.NS,NSE
SECUREKLOUD TECHNOLOGIES LIMITED,SECURKLOUD.NS,NSE
Sejal Glass Limited,SEJALLTD.NS,NSE
SEL Manufacturing Company Limited,SELMC.NS,NSE
Semac Construction Limited,SEMAC.NS,NSE
Senco Gold Limited,SENCO.NS,NSE
Senores Pharmaceuticals Limited,SENORES.NS,NSE
SEPC Limited,SEPC.NS,NSE
Sequent Scientific Limited,SEQUENT.NS,NSE
Servotech Renewable Power System Limited,SERVOTECH.NS,NSE
Seshasayee Paper and Boards Limited,SESHAPAPER.NS,NSE
Setco Automotive Limited,SETCO.NS,NSE
Setubandhan Infrastructure Limited,SETUINFRA.NS,NSE
Sheela Foam Limited,SFL.NS,NSE
SG Finserve Limited,SGFIN.NS,NSE
Synergy Green Industries Limited,SGIL.NS,NSE
STL Global Limited,SGL.NS,NSE
Standard Glass Lining Technology Limited,SGLTL.NS,NSE
SG Mart Limited,SGMART.NS,NSE
Shah Metacorp Limited,SHAH.NS,NSE
Shah Alloys Limited,SHAHALLOYS.NS,NSE
Shaily Engineering Plastics Limited,SHAILY.NS,NSE
Shakti Pumps (India) Limited,SHAKTIPUMP.NS,NSE
Shalby Limited,SHALBY.NS,NSE
Shalimar Paints Limited,SHALPAINTS.NS,NSE
Shankara Building Products Limited,SHANKARA.NS,NSE
Shanti Overseas (India) Limited,SHANTI.NS,NSE
Shanthi Gears Limited,SHANTIGEAR.NS,NSE
Shanti Gold International Limited,SHANTIGOLD.NS,NSE
Sharda Cropchem Limited,SHARDACROP.NS,NSE
Sharda Motor Industries Limited,SHARDAMOTR.NS,NSE
Share India Securities Limited,SHAREINDIA.NS,NSE
Shekhawati Industries Limited,SHEKHAWATI.NS,NSE
Shemaroo Entertainment Limited,SHEMAROO.NS,NSE
Shilchar Technologies Limited,SHILCTECH.NS,NSE
Shilpa Medicare Limited,SHILPAMED.NS,NSE
Shivalik Rasayan Limited,SHIVALIK.NS,NSE
Shivam Autotech Limited,SHIVAMAUTO.NS,NSE
Shiva Mills Limited,SHIVAMILLS.NS,NSE
Shiva Texyarn Limited,SHIVATEX.NS,NSE
Shiv Aum Steels Limited,SHIVAUM.NS,NSE
S H Kelkar and Company Limited,SHK.NS,NSE
Shoppers Stop Limited,SHOPERSTOP.NS,NSE
Shradha Infraprojects Limited,SHRADHA.NS,NSE
Shree Digvijay Cement Co.Ltd,SHREDIGCEM.NS,NSE
SHREE CEMENT LIMITED,SHREECEM.NS,NSE
Shreeji Shipping Global Limited,SHREEJISPG.NS,NSE
Shree Pushkar Chemicals & Fertilisers Limited,SHREEPUSHK.NS,NSE
Shree Rama Multi-Tech Limited,SHREERAMA.NS,NSE
Shrenik Limited,SHRENIK.NS,NSE
Shreyans Industries Limited,SHREYANIND.NS,NSE
Shringar House of Mangalsutra Limited,SHRINGARMS.NS,NSE
Shriram Pistons & Rings Limited,SHRIPISTON.NS,NSE
Shriram Finance Limited,SHRIRAMFIN.NS,NSE
Shriram Properties Limited,SHRIRAMPPS.NS,NSE
Shyam Century Ferrous Limited,SHYAMCENT.NS,NSE
Shyam Metalics and Energy Limited,SHYAMMETL.NS,NSE
Shyam Telecom Limited,SHYAMTEL.NS,NSE
Sical Logistics Limited,SICALLOG.NS,NSE
Siemens Limited,SIEMENS.NS,NSE
Sigachi Industries Limited,SIGACHI.NS,NSE
Signet Industries Limited,SIGIND.NS,NSE
Sigma Solve Limited,SIGMA.NS,NSE
Signatureglobal (India) Limited,SIGNATURE.NS,NSE
Signpost India Limited,SIGNPOST.NS,NSE
Sikko Industries Limited,SIKKO.NS,NSE
Standard Industries Limited,SIL.NS,NSE
Silgo Retail Limited,SILGO.NS,NSE
SIL Investments Limited,SILINV.NS,NSE
Silly Monks Entertainment Limited,SILLYMONKS.NS,NSE
Silver Touch Technologies Limited,SILVERTUC.NS,NSE
Simbhaoli Sugars Limited,SIMBHALS.NS,NSE
Simplex Infrastructures Limited,SIMPLEXINF.NS,NSE
Sinclairs Hotels Limited,SINCLAIR.NS,NSE
Sindhu Trade Links Limited,SINDHUTRAD.NS,NSE
Sintercom India Limited,SINTERCOM.NS,NSE
Sirca Paints India Limited,SIRCA.NS,NSE
SIS LIMITED,SIS.NS,NSE
Siti Networks Limited,SITINET.NS,NSE
Siyaram Silk Mills Limited,SIYSIL.NS,NSE
S.J.S. Enterprises Limited,SJS.NS,NSE
SJVN Limited,SJVN.NS,NSE
SKF India Limited,SKFINDIA.NS,NSE
SKF India (Industrial) Limited,SKFINDUS.NS,NSE
Skipper Limited,SKIPPER.NS,NSE
SKM Egg Products Export (India) Limited,SKMEGGPROD.NS,NSE
SKY GOLD AND DIAMONDS LIMITED,SKYGOLD.NS,NSE
Smartlink Holdings Limited,SMARTLINK.NS,NSE
Smartworks Coworking Spaces Limited,SMARTWORKS.NS,NSE
SMC Global Securities Limited,SMCGLOBAL.NS,NSE
SML Mahindra Limited,SMLMAH.NS,NSE
Sarthak Metals Limited,SMLT.NS,NSE
SMS Pharmaceuticals Limited,SMSPHARMA.NS,NSE
Snowman Logistics Limited,SNOWMAN.NS,NSE
Sobha Limited,SOBHA.NS,NSE
Softtech Engineers Limited,SOFTTECH.NS,NSE
Solara Active Pharma Sciences Limited,SOLARA.NS,NSE
Solar Industries India Limited,SOLARINDS.NS,NSE
Solarworld Energy Solutions Limited,SOLARWORLD.NS,NSE
Solex Energy Limited,SOLEX.NS,NSE
Somany Ceramics Limited,SOMANYCERA.NS,NSE
Soma Textiles & Industries Limited,SOMATEX.NS,NSE
Somi Conveyor Beltings Limited,SOMICONVEY.NS,NSE
Sona BLW Precision Forgings Limited,SONACOMS.NS,NSE
SONAM LIMITED,SONAMLTD.NS,NSE
Sonata Software Limited,SONATSOFTW.NS,NSE
Savita Oil Technologies Limited,SOTL.NS,NSE
The South Indian Bank Limited,SOUTHBANK.NS,NSE
South West Pinnacle Exploration Limited,SOUTHWEST.NS,NSE
S. P. Apparels Limited,SPAL.NS,NSE
Spandana Sphoorty Financial Limited,SPANDANA.NS,NSE
Sun Pharma Advanced Research Company Limited,SPARC.NS,NSE
Spacenet Enterprises India Limited,SPCENET.NS,NSE
Speciality Restaurants Limited,SPECIALITY.NS,NSE
Spectrum Electrical Industries Limited,SPECTRUM.NS,NSE
Spencer's Retail Limited,SPENCERS.NS,NSE
Southern Petrochemicals Industries Corporation  Limited,SPIC.NS,NSE
SPL Industries Limited,SPLIL.NS,NSE
Supreme Petrochem Limited,SPLPETRO.NS,NSE
SPML Infra Limited,SPMLINFRA.NS,NSE
Sportking India Limited,SPORTKING.NS,NSE
Shankar Lal Rampal Dye-Chem Limited,SRD.NS,NSE
Sreeleathers Limited,SREEL.NS,NSE
SRF Limited,SRF.NS,NSE
SRG Housing Finance Limited,SRGHFL.NS,NSE
Sree Rayalaseema Hi-Strength Hypo Limited,SRHHYPOLTD.NS,NSE
SRM Contractors Limited,SRM.NS,NSE
Shree Ram Proteins Limited,SRPL.NS,NSE
Saraswati Saree Depot Limited,SSDL.NS,NSE
Steel Strips Wheels Limited,SSWL.NS,NSE
Stallion India Fluorochemicals Limited,STALLION.NS,NSE
Stanley Lifestyles Limited,STANLEY.NS,NSE
Strides Pharma Science Limited,STAR.NS,NSE
Star Cement Limited,STARCEMENT.NS,NSE
Star Health and Allied Insurance Company Limited,STARHEALTH.NS,NSE
Star Paper Mills Limited,STARPAPER.NS,NSE
Starteck Finance Limited,STARTECK.NS,NSE
The State Trading Corporation of India Limited,STCINDIA.NS,NSE
Steelcast Limited,STEELCAS.NS,NSE
Steel City Securities Limited,STEELCITY.NS,NSE
STEEL EXCHANGE INDIA LIMITED,STEELXIND.NS,NSE
Stel Holdings Limited,STEL.NS,NSE
Sterling Tools Limited,STERTOOLS.NS,NSE
STL Networks Limited,STLNETWORK.NS,NSE
Sterlite Technologies Limited,STLTECH.NS,NSE
Stove Kraft Limited,STOVEKRAFT.NS,NSE
Studds Accessories Limited,STUDDS.NS,NSE
Seshaasai Technologies Limited,STYL.NS,NSE
Stylam Industries Limited,STYLAMIND.NS,NSE
Baazar Style Retail Limited,STYLEBAAZA.NS,NSE
Styrenix Performance Materials Limited,STYRENIX.NS,NSE
Subex Limited,SUBEXLTD.NS,NSE
Subros Limited,SUBROS.NS,NSE
Sudarshan Chemical Industries Limited,SUDARSCHEM.NS,NSE
Sudeep Pharma Limited,SUDEEPPHRM.NS,NSE
Sukhjit Starch & Chemicals Limited,SUKHJITS.NS,NSE
Sula Vineyards Limited,SULA.NS,NSE
Sumeet Industries Limited,SUMEETINDS.NS,NSE
Sumitomo Chemical India Limited,SUMICHEM.NS,NSE
Sumit Woods Limited,SUMIT.NS,NSE
Summit Securities Limited,SUMMITSEC.NS,NSE
Sundaram Clayton Limited,SUNCLAY.NS,NSE
Sundaram Multi Pap Limited,SUNDARAM.NS,NSE
Sundaram Finance Limited,SUNDARMFIN.NS,NSE
Sundaram Brake Linings Limited,SUNDRMBRAK.NS,NSE
Sundram Fasteners Limited,SUNDRMFAST.NS,NSE
Sundrop Brands Limited,SUNDROP.NS,NSE
Sunflag Iron And Steel Company Limited,SUNFLAG.NS,NSE
Sun Pharmaceutical Industries Limited,SUNPHARMA.NS,NSE
Sunteck Realty Limited,SUNTECK.NS,NSE
Sun TV Network Limited,SUNTV.NS,NSE
Superhouse Limited,SUPERHOUSE.NS,NSE
Super Spinning Mills Limited,SUPERSPIN.NS,NSE
Suprajit Engineering Limited,SUPRAJIT.NS,NSE
Supreme Holdings & Hospitality (India) Limited,SUPREME.NS,NSE
Supreme Engineering Limited,SUPREMEENG.NS,NSE
Supreme Industries Limited,SUPREMEIND.NS,NSE
Supreme Infrastructure India Limited,SUPREMEINF.NS,NSE
Supriya Lifescience Limited,SUPRIYA.NS,NSE
Suraj Estate Developers Limited,SURAJEST.NS,NSE
Suraj Limited,SURAJLTD.NS,NSE
Suraksha Diagnostic Limited,SURAKSHA.NS,NSE
Surana Solar Limited,SURANASOL.NS,NSE
Surana Telecom and Power Limited,SURANAT&P.NS,NSE
Suryalakshmi Cotton Mills Limited,SURYALAXMI.NS,NSE
Surya Roshni Limited,SURYAROSNI.NS,NSE
Suryoday Small Finance Bank Limited,SURYODAY.NS,NSE
Sutlej Textiles and Industries Limited,SUTLEJTEX.NS,NSE
Suven Life Sciences Limited,SUVEN.NS,NSE
Suvidhaa Infoserve Limited,SUVIDHAA.NS,NSE
Suyog Telematics Limited,SUYOG.NS,NSE
Suzlon Energy Limited,SUZLON.NS,NSE
Shree Vasu Logistics Limited,SVLL.NS,NSE
SVP GLOBAL TEXTILES LIMITED,SVPGLOB.NS,NSE
SWAN CORP LIMITED,SWANCORP.NS,NSE
Swaraj Engines Limited,SWARAJENG.NS,NSE
Swelect Energy Systems Limited,SWELECTES.NS,NSE
Swiggy Limited,SWIGGY.NS,NSE
Sterling and Wilson Renewable Energy Limited,SWSOLAR.NS,NSE
Symphony Limited,SYMPHONY.NS,NSE
Syncom Formulations (India) Limited,SYNCOMF.NS,NSE
Syngene International Limited,SYNGENE.NS,NSE
Syrma SGS Technology Limited,SYRMA.NS,NSE
Systematix Corporate Services Limited,SYSTMTXC.NS,NSE
Tainwala Chemical and Plastic (I) Limited,TAINWALCHM.NS,NSE
Taj GVK Hotels & Resorts Limited,TAJGVK.NS,NSE
Take Solutions Limited,TAKE.NS,NSE
Talbros Automotive Components Limited,TALBROAUTO.NS,NSE
Tanla Platforms Limited,TANLA.NS,NSE
Tara Chand InfraLogistic Solutions Limited,TARACHAND.NS,NSE
Tarapur Transformers Limited,TARAPUR.NS,NSE
TARC Limited,TARC.NS,NSE
Transformers And Rectifiers (India) Limited,TARIL.NS,NSE
Tarmat Limited,TARMAT.NS,NSE
Tarsons Products Limited,TARSONS.NS,NSE
Tasty Bite Eatables Limited,TASTYBITE.NS,NSE
Tata Capital Limited,TATACAP.NS,NSE
Tata Chemicals Limited,TATACHEM.NS,NSE
Tata Communications Limited,TATACOMM.NS,NSE
TATA CONSUMER PRODUCTS LIMITED,TATACONSUM.NS,NSE
Tata Elxsi Limited,TATAELXSI.NS,NSE
Tata Investment Corporation Limited,TATAINVEST.NS,NSE
Tata Power Company Limited,TATAPOWER.NS,NSE
Tata Steel Limited,TATASTEEL.NS,NSE
Tata Technologies Limited,TATATECH.NS,NSE
Tatva Chintan Pharma Chem Limited,TATVA.NS,NSE
TBO Tek Limited,TBOTEK.NS,NSE
Tribhovandas Bhimji Zaveri Limited,TBZ.NS,NSE
Transport Corporation of India Limited,TCI.NS,NSE
TCI Express Limited,TCIEXP.NS,NSE
TCI Finance Limited,TCIFINANCE.NS,NSE
TCPL Packaging Limited,TCPLPACK.NS,NSE
Tata Consultancy Services Limited,TCS.NS,NSE
TD Power Systems Limited,TDPOWERSYS.NS,NSE
Team India Guaranty Limited,TEAMGTY.NS,NSE
Teamlease Services Limited,TEAMLEASE.NS,NSE
Tech Mahindra Limited,TECHM.NS,NSE
Techno Electric & Engineering Company Limited,TECHNOE.NS,NSE
TECIL Chemicals and Hydro Power Limited,TECILCHEM.NS,NSE
Tega Industries Limited,TEGA.NS,NSE
Tejas Networks Limited,TEJASNET.NS,NSE
Tembo Global Industries Limited,TEMBO.NS,NSE
Tenneco Clean Air India Limited,TENNIND.NS,NSE
Tera Software Limited,TERASOFT.NS,NSE
Texmaco Infrastructure & Holdings Limited,TEXINFRA.NS,NSE
Texmo Pipes and Products Limited,TEXMOPIPES.NS,NSE
Texmaco Rail & Engineering Limited,TEXRAIL.NS,NSE
Tourism Finance Corporation of India Limited,TFCILTD.NS,NSE
Transwarranty Finance Limited,TFL.NS,NSE
TGB Banquets And Hotels Limited,TGBHOTELS.NS,NSE
Thangamayil Jewellery Limited,THANGAMAYL.NS,NSE
The Investment Trust Of India Limited,THEINVEST.NS,NSE
Thejo Engineering Limited,THEJO.NS,NSE
Leela Palaces Hotels & Resorts Limited,THELEELA.NS,NSE
Themis Medicare Limited,THEMISMED.NS,NSE
Thermax Limited,THERMAX.NS,NSE
Thomas Cook  (India)  Limited,THOMASCOOK.NS,NSE
Thomas Scott (India) Limited,THOMASCOTT.NS,NSE
Thyrocare Technologies Limited,THYROCARE.NS,NSE
Tilaknagar Industries Limited,TI.NS,NSE
Twamev Construction and Infrastructure Limited,TICL.NS,NSE
Tiger Logistics (India) Limited,TIGERLOGS.NS,NSE
Technocraft Industries (India) Limited,TIIL.NS,NSE
Tube Investments of India Limited,TIINDIA.NS,NSE
Tijaria Polypipes Limited,TIJARIA.NS,NSE
TIL Limited,TIL.NS,NSE
Time Technoplast Limited,TIMETECHNO.NS,NSE
Timken India Limited,TIMKEN.NS,NSE
Tinna Rubber and Infrastructure Limited,TINNARUBR.NS,NSE
Tips Films Limited,TIPSFILMS.NS,NSE
Tips Music Limited,TIPSMUSIC.NS,NSE
Thirumalai Chemicals Limited,TIRUMALCHM.NS,NSE
Tirupati Forge Limited,TIRUPATIFL.NS,NSE
TITAGARH RAIL SYSTEMS LIMITED,TITAGARH.NS,NSE
Titan Company Limited,TITAN.NS,NSE
Tamilnad Mercantile Bank Limited,TMB.NS,NSE
Tata Motors Limited,TMCV.NS,NSE
Tata Motors Passenger Vehicles Limited,TMPV.NS,NSE
Tamilnadu PetroProducts Limited,TNPETRO.NS,NSE
Tamil Nadu Newsprint & Papers Limited,TNPL.NS,NSE
Tamilnadu Telecommunication Limited,TNTELE.NS,NSE
Tokyo Plast International Limited,TOKYOPLAST.NS,NSE
Tolins Tyres Limited,TOLINS.NS,NSE
Torrent Pharmaceuticals Limited,TORNTPHARM.NS,NSE
Torrent Power Limited,TORNTPOWER.NS,NSE
Total Transport Systems Limited,TOTAL.NS,NSE
Touchwood Entertainment Limited,TOUCHWOOD.NS,NSE
Teamo Productions HQ Limited,TPHQ.NS,NSE
TPL Plastech Limited,TPLPLASTEH.NS,NSE
Tracxn Technologies Limited,TRACXN.NS,NSE
Transrail Lighting Limited,TRANSRAILL.NS,NSE
TRANSWORLD SHIPPING LINES LIMITED,TRANSWORLD.NS,NSE
Travel Food Services Limited,TRAVELFOOD.NS,NSE
Tree House Education & Accessories Limited,TREEHOUSE.NS,NSE
TREJHARA SOLUTIONS LIMITED,TREJHARA.NS,NSE
Transindia Real Estate Limited,TREL.NS,NSE
Trent Limited,TRENT.NS,NSE
TRF Limited,TRF.NS,NSE
Trident Limited,TRIDENT.NS,NSE
Trigyn Technologies Limited,TRIGYN.NS,NSE
Triveni Turbine Limited,TRITURBINE.NS,NSE
Triveni Engineering & Industries Limited,TRIVENI.NS,NSE
TruCap Finance Limited,TRU.NS,NSE
TruAlt Bioenergy Limited,TRUALT.NS,NSE
TSF INVESTMENTS LIMITED,TSFINV.NS,NSE
TTK Healthcare Limited,TTKHLTCARE.NS,NSE
TTK Prestige Limited,TTKPRESTIG.NS,NSE
T T Limited,TTL.NS,NSE
Tata Teleservices (Maharashtra) Limited,TTML.NS,NSE
TVS Electronics Limited,TVSELECT.NS,NSE
TVS Holdings Limited,TVSHLTD.NS,NSE
TVS Motor Company Limited,TVSMOTOR.NS,NSE
TVS Supply Chain Solutions Limited,TVSSCS.NS,NSE
TVS Srichakra Limited,TVSSRICHAK.NS,NSE
TV Today Network Limited,TVTODAY.NS,NSE
TV Vision Limited,TVVISION.NS,NSE
United Breweries Limited,UBL.NS,NSE
UCAL LIMITED,UCAL.NS,NSE
UCO Bank,UCOBANK.NS,NSE
Updater Services Limited,UDS.NS,NSE
United Foodbrands Limited,UFBL.NS,NSE
UFLEX Limited,UFLEX.NS,NSE
UFO Moviez India Limited,UFO.NS,NSE
The Ugar Sugar Works Limited,UGARSUGAR.NS,NSE
Ugro Capital Limited,UGROCAP.NS,NSE
Ujjivan Small Finance Bank Limited,UJJIVANSFB.NS,NSE
UltraTech Cement Limited,ULTRACEMCO.NS,NSE
Uma Exports Limited,UMAEXPORTS.NS,NSE
Usha Martin Education & Solutions Limited,UMESLTD.NS,NSE
UMIYA BUILDCON LIMITED,UMIYA-MRO.NS,NSE
Unichem Laboratories Limited,UNICHEMLAB.NS,NSE
United Drilling Tools Limited,UNIDT.NS,NSE
Unicommerce Esolutions Limited,UNIECOM.NS,NSE
Uniphos Enterprises Limited,UNIENTER.NS,NSE
Uniinfo Telecom Services Limited,UNIINFO.NS,NSE
Unimech Aerospace and Manufacturing Limited,UNIMECH.NS,NSE
Union Bank of India,UNIONBANK.NS,NSE
Uniparts India Limited,UNIPARTS.NS,NSE
United Spirits Limited,UNITDSPR.NS,NSE
Unitech Limited,UNITECH.NS,NSE
United Polyfab Gujarat Limited,UNITEDPOLY.NS,NSE
The United Nilgiri Tea Estates Company Limited,UNITEDTEA.NS,NSE
Univastu India Limited,UNIVASTU.NS,NSE
Universal Cables Limited,UNIVCABLES.NS,NSE
Universus Photo Imagings Limited,UNIVPHOTO.NS,NSE
UNO Minda Limited,UNOMINDA.NS,NSE
UPL Limited,UPL.NS,NSE
Uravi Defence and Technology Limited,URAVIDEF.NS,NSE
Urban Company Limited,URBANCO.NS,NSE
Urja Global Limited,URJA.NS,NSE
Usha Martin Limited,USHAMART.NS,NSE
Udayshivakumar Infra Limited,USK.NS,NSE
UTI Asset Management Company Limited,UTIAMC.NS,NSE
Utkarsh Small Finance Bank Limited,UTKARSHBNK.NS,NSE
Fujiyama Power Systems Limited,UTLSOLAR.NS,NSE
Uttam Sugar Mills Limited,UTTAMSUGAR.NS,NSE
U. Y. Fincorp Limited,UYFINCORP.NS,NSE
V2 Retail Limited,V2RETAIL.NS,NSE
Vadilal Industries Limited,VADILALIND.NS,NSE
Vaibhav Global Limited,VAIBHAVGBL.NS,NSE
Vaishali Pharma Limited,VAISHALI.NS,NSE
Vakrangee Limited,VAKRANGEE.NS,NSE
Valiant Laboratories Limited,VALIANTLAB.NS,NSE
Valiant Organics Limited,VALIANTORG.NS,NSE
Vardhman Acrylics Limited,VARDHACRLC.NS,NSE
Vardhman Polytex Limited,VARDMNPOLY.NS,NSE
Varroc Engineering Limited,VARROC.NS,NSE
Vascon Engineers Limited,VASCONEQ.NS,NSE
Vaswani Industries Limited,VASWANI.NS,NSE
Varun Beverages Limited,VBL.NS,NSE
Vaxtex Cotfab Limited,VCL.NS,NSE
Vedanta Limited,VEDL.NS,NSE
Veedol Corporation Limited,VEEDOL.NS,NSE
Venky's (India) Limited,VENKEYS.NS,NSE
Ventive Hospitality Limited,VENTIVE.NS,NSE
Venus Pipes & Tubes Limited,VENUSPIPES.NS,NSE
Venus Remedies Limited,VENUSREM.NS,NSE
Veranda Learning Solutions Limited,VERANDA.NS,NSE
Vertoz Limited,VERTOZ.NS,NSE
Vesuvius India Limited,VESUVIUS.NS,NSE
Veto Switchgears And Cables Limited,VETO.NS,NSE
VARVEE GLOBAL LIMITED,VGL.NS,NSE
V-Guard Industries Limited,VGUARD.NS,NSE
Vardhman Holdings Limited,VHL.NS,NSE
Viceroy Hotels Limited,VHLTD.NS,NSE
Vidhi Specialty Food Ingredients Limited,VIDHIING.NS,NSE
Vidya Wires Limited,VIDYAWIRES.NS,NSE
Vijaya Diagnostic Centre Limited,VIJAYA.NS,NSE
Viji Finance Limited,VIJIFIN.NS,NSE
Vikas EcoTech Limited,VIKASECO.NS,NSE
Vikas Lifecare Limited,VIKASLIFE.NS,NSE
Vikram Solar Limited,VIKRAMSOLR.NS,NSE
Vikran Engineering Limited,VIKRAN.NS,NSE
Vimta Labs Limited,VIMTALABS.NS,NSE
Vinati Organics Limited,VINATIORGA.NS,NSE
Vintage Coffee And Beverages Limited,VINCOFE.NS,NSE
Vindhya Telelinks Limited,VINDHYATEL.NS,NSE
Vineet Laboratories Limited,VINEETLAB.NS,NSE
Vinny Overseas Limited,VINNY.NS,NSE
Vinyl Chemicals (India) Limited,VINYLINDIA.NS,NSE
VIP Clothing Limited,VIPCLOTHNG.NS,NSE
VIP Industries Limited,VIPIND.NS,NSE
Vipul Limited,VIPULLTD.NS,NSE
Virinchi Limited,VIRINCHI.NS,NSE
Visaka Industries Limited,VISAKAIND.NS,NSE
Visa Steel Limited,VISASTEEL.NS,NSE
Vishnu Chemicals Limited,VISHNU.NS,NSE
Vishwaraj Sugar Industries Limited,VISHWARAJ.NS,NSE
Visagar Polytex Limited,VIVIDHA.NS,NSE
Vivimed Labs Limited,VIVIMEDLAB.NS,NSE
VL E-Governance & IT Solutions Limited,VLEGOV.NS,NSE
VLS Finance Limited,VLSFINANCE.NS,NSE
V-Mart Retail Limited,VMART.NS,NSE
Vishal Mega Mart Limited,VMM.NS,NSE
VMS TMT Limited,VMSTMT.NS,NSE
Voltamp Transformers Limited,VOLTAMP.NS,NSE
Voltas Limited,VOLTAS.NS,NSE
Vishnu Prakash R Punglia Limited,VPRPL.NS,NSE
Vraj Iron and Steel Limited,VRAJ.NS,NSE
VRL Logistics Limited,VRLLOG.NS,NSE
Vardhman Special Steels Limited,VSSL.NS,NSE
VST Industries Limited,VSTIND.NS,NSE
Vibhor Steel Tubes Limited,VSTL.NS,NSE
V.S.T Tillers Tractors Limited,VSTTILLERS.NS,NSE
Vardhman Textiles Limited,VTL.NS,NSE
Waaree Energies Limited,WAAREEENER.NS,NSE
Indosolar Limited,WAAREEINDO.NS,NSE
Waaree Renewable Technologies Limited,WAAREERTL.NS,NSE
VA Tech Wabag Limited,WABAG.NS,NSE
Wakefit Innovations Limited,WAKEFIT.NS,NSE
Walchandnagar Industries Limited,WALCHANNAG.NS,NSE
Wanbury Limited,WANBURY.NS,NSE
Western Carriers (India) Limited,WCIL.NS,NSE
Wealth First Portfolio Managers Limited,WEALTH.NS,NSE
Websol Energy System Limited,WEBELSOLAR.NS,NSE
Weizmann Limited,WEIZMANIND.NS,NSE
Wonder Electricals Limited,WEL.NS,NSE
Welspun Corp Limited,WELCORP.NS,NSE
Welspun Enterprises Limited,WELENT.NS,NSE
Welspun Investments and Commercials Limited,WELINV.NS,NSE
Welspun Living Limited,WELSPUNLIV.NS,NSE
Wendt (India) Limited,WENDT.NS,NSE
WESTLIFE FOODWORLD LIMITED,WESTLIFE.NS,NSE
WE WIN LIMITED,WEWIN.NS,NSE
WeWork India Management Limited,WEWORK.NS,NSE
Wheels India Limited,WHEELS.NS,NSE
Whirlpool of India Limited,WHIRLPOOL.NS,NSE
Williamson Magor & Company Limited,WILLAMAGOR.NS,NSE
Windlas Biotech Limited,WINDLAS.NS,NSE
Windsor Machines Limited,WINDMACHIN.NS,NSE
Winsome Yarns Limited,WINSOME.NS,NSE
The Western India Plywoods Limited,WIPL.NS,NSE
Wipro Limited,WIPRO.NS,NSE
Wockhardt Limited,WOCKPHARMA.NS,NSE
Wonderla Holidays Limited,WONDERLA.NS,NSE
Worth Peripherals Limited,WORTHPERI.NS,NSE
W S Industries (I) Limited,WSI.NS,NSE
West Coast Paper Mills Limited,WSTCSTPAPR.NS,NSE
Xchanging Solutions Limited,XCHANGING.NS,NSE
Xelpmoc Design And Tech Limited,XELPMOC.NS,NSE
Xpro India Limited,XPROINDIA.NS,NSE
Xtglobal Infotech Limited,XTGLOBAL.NS,NSE
Yasho Industries Limited,YASHO.NS,NSE
Yatharth Hospital & Trauma Care Services Limited,YATHARTH.NS,NSE
Yatra Online Limited,YATRA.NS,NSE
Yes Bank Limited,YESBANK.NS,NSE
Yuken India Limited,YUKEN.NS,NSE
Zaggle Prepaid Ocean Services Limited,ZAGGLE.NS,NSE
Zee Entertainment Enterprises Limited,ZEEL.NS,NSE
Zee Learn Limited,ZEELEARN.NS,NSE
Zee Media Corporation Limited,ZEEMEDIA.NS,NSE
Zenith Exports Limited,ZENITHEXPO.NS,NSE
Zenith Steel Pipes & Industries Limited,ZENITHSTL.NS,NSE
Zensar Technologies Limited,ZENSARTECH.NS,NSE
Zen Technologies Limited,ZENTEC.NS,NSE
ZF Commercial Vehicle Control Systems India Limited,ZFCVINDIA.NS,NSE
Zim Laboratories Limited,ZIMLAB.NS,NSE
Zodiac Energy Limited,ZODIAC.NS,NSE
Zodiac Clothing Company Limited,ZODIACLOTH.NS,NSE
Zota Health Care LImited,ZOTA.NS,NSE
Zuari Agro Chemicals Limited,ZUARI.NS,NSE
ZUARI INDUSTRIES LIMITED,ZUARIIND.NS,NSE
Zydus Lifesciences Limited,ZYDUSLIFE.NS,NSE
Zydus Wellness Limited,ZYDUSWELL.NS,NSE